Year,Player,Mat,Inns,Runs,HS,Ave,BF,SR,100,50,0,4s,6s
1974,BP Patel,2,2,94,82,47,101,93.06,0,1,0,8,2
1974,AL Wadekar,2,2,73,67,36.5,90,81.11,0,1,0,11,0
1974,SM Gavaskar,2,2,48,28,24,58,82.75,0,0,0,6,1
1974,AV Mankad,1,1,44,44,44,61,72.13,0,0,0,3,0
1974,SS Naik,2,2,38,20,19,68,55.88,0,0,0,3,0
1974,FM Engineer,2,2,36,32,18,66,54.54,0,0,0,3,0
1974,GR Viswanath,2,2,36,32,18,63,57.14,0,0,0,2,0
1974,S Abid Ali,2,2,23,17,11.5,34,67.64,0,0,0,1,0
1974,GK Bose,1,1,13,13,13,18,72.22,0,0,0,1,0
1974,S Madan Lal,2,2,5,3*,5,23,21.73,0,0,0,0,0
1974,ED Solkar,2,2,3,3,1.5,26,11.53,0,0,1,0,0
1974,S Venkataraghavan,1,1,1,1*,-,2,50,0,0,0,0,0
1974,BS Bedi,1,1,0,0,0,2,0,0,0,1,0,0
1975,SM Gavaskar,3,3,113,65*,113,274,41.24,0,1,0,12,0
1975,FM Engineer,3,2,78,54*,78,129,60.46,0,1,0,10,0
1975,S Abid Ali,3,1,70,70,70,98,71.42,0,1,0,5,1
1975,AD Gaekwad,3,2,59,37,29.5,97,60.82,0,0,0,5,0
1975,GR Viswanath,3,2,39,37,19.5,68,57.35,0,0,0,5,0
1975,S Venkataraghavan,3,1,26,26*,-,58,44.82,0,0,0,3,0
1975,BP Patel,3,2,25,16*,25,89,28.08,0,0,0,1,0
1975,ED Solkar,3,2,21,13,10.5,44,47.72,0,0,0,2,0
1975,S Madan Lal,3,1,20,20,20,44,45.45,0,0,0,4,0
1975,BS Bedi,2,1,6,6,6,10,60,0,0,0,0,0
1975,M Amarnath,3,1,1,1,1,3,33.33,0,0,0,0,0
1976,BP Patel,2,2,61,44,30.5,103,59.22,0,0,0,NA,NA
1976,DB Vengsarkar,2,2,59,43,29.5,81,72.83,0,0,0,NA,NA
1976,GR Viswanath,1,1,56,56,56,88,63.63,0,1,0,NA,NA
1976,M Amarnath,2,2,29,26,14.5,73,39.72,0,0,0,NA,NA
1976,S Madan Lal,2,2,21,13,10.5,30,70,0,0,0,NA,NA
1976,PH Sharma,2,2,20,14,10,39,51.28,0,0,0,NA,NA
1976,AD Gaekwad,2,2,16,13,8,39,41.02,0,0,0,NA,NA
1976,BS Chandrasekhar,1,1,11,11*,-,13,84.61,0,0,0,NA,NA
1976,SMH Kirmani,1,1,8,8,8,19,42.1,0,0,0,NA,NA
1976,P Krishnamurthy,1,1,6,6,6,13,46.15,0,0,0,NA,NA
1976,BS Bedi,1,1,4,4*,-,5,80,0,0,0,NA,NA
1976,R Sudhakar Rao,1,1,4,4,4,14,28.57,0,0,0,NA,NA
1976,ED Solkar,2,2,3,2,1.5,9,33.33,0,0,0,NA,NA
1976,S Venkataraghavan,2,2,1,1,0.5,11,9.09,0,0,1,NA,NA
1977,NA,NA,NA,NA,NA,NA,NA,NA,NA,NA,NA,NA,NA
1978,S Amarnath,3,3,100,62,33.33,119,84.03,0,1,0,NA,NA
1978,AD Gaekwad,2,2,94,78*,94,150,62.66,0,1,0,NA,NA
1978,M Amarnath,3,2,85,51,85,146,58.21,0,1,0,NA,NA
1978,DB Vengsarkar,2,2,37,34,18.5,78,47.43,0,0,0,NA,NA
1978,CPS Chauhan,2,2,25,23,12.5,39,64.1,0,0,0,NA,NA
1978,N Kapil Dev,3,2,18,13*,18,28,64.28,0,0,0,NA,NA
1978,GR Viswanath,3,3,17,9,8.5,36,47.22,0,0,1,NA,NA
1978,Yashpal Sharma,2,1,11,11,11,26,42.3,0,0,0,NA,NA
1978,KD Ghavri,3,2,6,5,6,16,37.5,0,0,0,NA,NA
1978,SMH Kirmani,2,2,5,5,2.5,17,29.41,0,0,1,NA,NA
1978,SM Gavaskar,1,1,4,4,4,9,44.44,0,0,0,NA,NA
1978,BS Bedi,3,1,2,2,2,10,20,0,0,0,NA,NA
1978,S Venkataraghavan,3,1,0,0,0,3,0,0,0,1,NA,NA
1979,GR Viswanath,3,3,106,75,35.33,206,51.45,0,1,0,7,0
1979,SM Gavaskar,3,3,89,55,29.66,205,43.41,0,1,0,8,0
1979,BP Patel,3,3,63,38,21,106,59.43,0,0,0,8,0
1979,AD Gaekwad,3,3,54,33,18,113,47.78,0,0,0,5,0
1979,N Kapil Dev,3,3,53,25,17.66,55,96.36,0,0,0,6,0
1979,DB Vengsarkar,3,3,44,36,14.66,66,66.66,0,0,0,4,0
1979,KD Ghavri,3,3,35,20,11.66,56,62.5,0,0,0,4,0
1979,S Venkataraghavan,3,3,23,13*,23,41,56.09,0,0,0,0,0
1979,BS Bedi,3,3,19,13,9.5,43,44.18,0,0,0,1,0
1979,SC Khanna,3,3,17,10,5.66,45,37.77,0,0,1,1,0
1979,M Amarnath,3,3,16,8,5.33,35,45.71,0,0,0,1,0
1980,Yashpal Sharma,4,4,145,72,36.25,254,57.08,0,1,0,8,4
1980,SMH Kirmani,5,5,130,48*,43.33,130,100,0,0,0,11,0
1980,SM Patil,5,5,125,64,25,190,65.78,0,1,1,8,0
1980,N Kapil Dev,5,5,112,75,22.4,94,119.14,0,1,1,14,3
1980,CPS Chauhan,2,2,89,46,44.5,161,55.27,0,0,0,5,0
1980,GR Viswanath,4,4,77,43,19.25,164,46.95,0,0,0,4,0
1980,DB Vengsarkar,5,5,54,22,10.8,190,28.42,0,0,0,2,0
1980,RMH Binny,4,4,49,31,12.25,79,62.02,0,0,1,7,0
1980,SM Gavaskar,5,5,44,22,8.8,74,59.45,0,0,1,3,0
1980,KD Ghavri,5,5,44,14,22,68,64.7,0,0,1,2,0
1980,KBJ Azad,3,3,34,29,11.33,55,61.81,0,0,0,3,0
1980,TE Srinivasan,1,1,6,6,6,12,50,0,0,0,0,0
1980,DR Doshi,5,2,2,2*,2,10,20,0,0,1,0,0
1980,B Yograj Singh,2,1,0,0,0,1,0,0,0,1,0,0
1981,DB Vengsarkar,9,9,342,88*,42.75,508,67.32,0,3,2,NA,NA
1981,RMH Binny,8,8,143,35,23.83,284,50.35,0,0,0,NA,NA
1981,Yashpal Sharma,8,8,124,28*,20.66,209,59.33,0,0,0,NA,NA
1981,SM Gavaskar,8,7,113,80,16.14,266,42.48,0,1,1,NA,NA
1981,SM Patil,7,7,113,48,16.14,164,68.9,0,0,0,NA,NA
1981,N Kapil Dev,8,8,102,50,12.75,139,73.38,0,1,2,NA,NA
1981,GR Viswanath,8,7,99,33,14.14,191,51.83,0,0,0,NA,NA
1981,KBJ Azad,5,5,92,30,18.4,142,64.78,0,0,0,NA,NA
1981,SMH Kirmani,7,6,44,18*,14.66,89,49.43,0,0,0,NA,NA
1981,CPS Chauhan,3,3,39,31,13,101,38.61,0,0,0,NA,NA
1981,KD Ghavri,7,6,29,11*,7.25,54,53.7,0,0,0,NA,NA
1981,RJ Shastri,2,1,19,19,19,28,67.85,0,0,0,NA,NA
1981,K Srikkanth,2,2,17,17,8.5,40,42.5,0,0,1,NA,NA
1981,B Reddy,2,2,11,8*,-,20,55,0,0,0,NA,NA
1981,DR Doshi,6,3,7,5*,3.5,10,70,0,0,1,NA,NA
1981,S Madan Lal,2,1,6,6,6,17,35.29,0,0,0,NA,NA
1981,TE Srinivasan,1,1,4,4,4,23,17.39,0,0,0,NA,NA
1981,B Yograj Singh,4,3,1,1,1,11,9.09,0,0,0,NA,NA
1982,K Srikkanth,6,6,297,95,49.5,257,115.56,0,3,0,NA,NA
1982,SM Patil,9,8,283,84,35.37,255,110.98,0,4,1,NA,NA
1982,N Kapil Dev,9,9,230,60,28.75,187,122.99,0,1,1,NA,NA
1982,DB Vengsarkar,9,8,227,53,28.37,341,66.56,0,1,0,NA,NA
1982,Yashpal Sharma,9,8,199,56*,66.33,261,76.24,0,1,0,NA,NA
1982,SM Gavaskar,5,5,194,71,38.8,283,68.55,0,2,0,NA,NA
1982,AO Malhotra,5,5,143,44*,71.5,198,72.22,0,0,0,NA,NA
1982,M Amarnath,6,4,71,51,23.66,101,70.29,0,1,0,NA,NA
1982,SMH Kirmani,9,4,62,27*,31,120,51.66,0,0,0,NA,NA
1982,S Madan Lal,8,2,54,53*,-,76,71.05,0,1,0,NA,NA
1982,RMH Binny,3,3,41,16,13.66,59,69.49,0,0,0,NA,NA
1982,RJ Shastri,6,3,30,18,30,102,29.41,0,0,0,NA,NA
1982,J Arun Lal,2,2,15,9,7.5,22,68.18,0,0,0,NA,NA
1982,GAHM Parkar,2,2,12,10,6,47,25.53,0,0,0,NA,NA
1982,GR Viswanath,1,1,9,9,9,14,64.28,0,0,0,NA,NA
1982,SV Nayak,3,1,3,3,3,19,15.78,0,0,0,NA,NA
1983,N Kapil Dev,18,18,527,175*,37.64,494,106.68,1,1,1,NA,NA
1983,M Amarnath,17,17,468,80,29.25,937,49.94,0,3,0,NA,NA
1983,SM Gavaskar,15,15,383,90,25.53,615,62.27,0,2,1,NA,NA
1983,Yashpal Sharma,15,15,349,89,26.84,573,60.9,0,2,0,NA,NA
1983,K Srikkanth,16,16,310,48,19.37,572,54.19,0,0,2,NA,NA
1983,SM Patil,12,12,299,51*,27.18,339,88.2,0,3,2,NA,NA
1983,RJ Shastri,11,10,211,65,26.37,353,59.77,0,1,0,NA,NA
1983,AO Malhotra,7,7,189,65,31.5,214,88.31,0,1,0,NA,NA
1983,DB Vengsarkar,8,8,188,54,37.6,244,77.04,0,1,0,NA,NA
1983,RMH Binny,15,13,173,33,19.22,281,61.56,0,0,1,NA,NA
1983,S Madan Lal,17,10,153,27,30.6,226,67.69,0,0,0,NA,NA
1983,SMH Kirmani,19,11,92,24*,15.33,200,46,0,0,1,NA,NA
1983,KBJ Azad,7,6,56,21,11.2,82,68.29,0,0,1,NA,NA
1983,BS Sandhu,16,6,44,16*,14.66,87,50.57,0,0,2,NA,NA
1983,GAHM Parkar,1,1,42,42,42,50,84,0,0,0,NA,NA
1983,AD Gaekwad,2,2,22,22,11,59,37.28,0,0,1,NA,NA
1983,J Arun Lal,3,3,16,16,5.33,40,40,0,0,2,NA,NA
1983,S Venkataraghavan,3,1,3,3,3,11,27.27,0,0,0,NA,NA
1983,RR Kulkarni,1,1,1,1*,-,4,25,0,0,0,NA,NA
1984,DB Vengsarkar,9,8,361,105,60.16,495,72.92,1,2,0,NA,NA
1984,RJ Shastri,11,8,279,102,39.85,433,64.43,2,0,0,NA,NA
1984,SC Khanna,7,7,159,56,31.8,220,72.27,0,2,0,NA,NA
1984,SM Patil,8,7,156,59,22.28,216,72.22,0,1,0,NA,NA
1984,SM Gavaskar,10,8,150,40,25,222,67.56,0,0,1,NA,NA
1984,K Srikkanth,2,2,149,99,74.5,183,81.42,0,2,0,NA,NA
1984,RMH Binny,9,5,115,57,28.75,181,63.53,0,1,0,NA,NA
1984,GAHM Parkar,7,7,111,32*,18.5,235,47.23,0,0,0,NA,NA
1984,N Kapil Dev,6,6,101,39,25.25,108,93.51,0,0,1,NA,NA
1984,KBJ Azad,7,4,56,39*,18.66,55,101.81,0,0,1,NA,NA
1984,C Sharma,8,3,42,20*,-,40,105,0,0,0,NA,NA
1984,Yashpal Sharma,2,2,41,37,20.5,57,71.92,0,0,0,NA,NA
1984,S Madan Lal,9,4,22,9,7.33,34,64.7,0,0,0,NA,NA
1984,AD Gaekwad,1,1,12,12,12,20,60,0,0,0,NA,NA
1984,BS Sandhu,3,1,7,7,7,10,70,0,0,0,NA,NA
1984,M Amarnath,3,2,6,5,6,21,28.57,0,0,0,NA,NA
1984,AK Patel,6,2,6,6,3,11,54.54,0,0,1,NA,NA
1984,Maninder Singh,2,1,4,4,4,7,57.14,0,0,0,NA,NA
1985,RJ Shastri,15,14,450,67,37.5,744,60.48,0,5,1,28,0
1985,M Azharuddin,15,15,444,93*,34.15,658,67.47,0,1,1,29,2
1985,DB Vengsarkar,14,14,432,89,39.27,551,78.4,0,4,1,35,1
1985,SM Gavaskar,15,12,414,76*,59.14,638,64.89,0,4,1,25,3
1985,K Srikkanth,15,15,345,93*,24.64,486,70.98,0,3,1,39,5
1985,N Kapil Dev,15,12,263,54*,29.22,262,100.38,0,2,1,16,5
1985,M Amarnath,12,8,64,24*,10.66,122,52.45,0,0,1,6,0
1985,S Viswanath,13,5,47,23*,47,78,60.25,0,0,0,4,0
1985,RMH Binny,10,5,31,11,7.75,51,60.78,0,0,0,3,0
1985,S Madan Lal,7,3,18,11,9,54,33.33,0,0,1,2,0
1985,Yashpal Sharma,2,2,14,8,7,21,66.66,0,0,0,1,0
1985,C Sharma,6,2,9,8,4.5,12,75,0,0,0,1,0
1985,SMH Kirmani,2,1,5,5*,-,8,62.5,0,0,0,0,0
1985,M Prabhakar,2,1,4,4,4,7,57.14,0,0,0,0,0
1985,L Sivaramakrishnan,10,3,3,1*,1.5,11,27.27,0,0,0,0,0
1985,LS Rajput,2,2,1,1*,1,2,50,0,0,1,0,0
1986,SM Gavaskar,23,23,805,92*,38.33,1309,61.49,0,9,2,53,5
1986,K Srikkanth,27,27,748,102,27.7,1047,71.44,1,5,3,72,8
1986,M Azharuddin,26,23,528,83*,31.05,986,53.54,0,3,0,35,0
1986,N Kapil Dev,27,24,517,58,27.21,501,103.19,0,3,2,37,8
1986,DB Vengsarkar,19,17,477,77*,34.07,779,61.23,0,2,0,24,3
1986,RJ Shastri,27,20,441,62*,27.56,635,69.44,0,3,2,30,2
1986,M Amarnath,11,11,309,74,30.9,554,55.77,0,3,1,25,1
1986,R Lamba,10,10,289,102,32.11,397,72.79,1,2,2,26,4
1986,C Sharma,20,12,167,38*,23.85,164,101.82,0,0,1,12,1
1986,AO Malhotra,8,7,125,39,17.85,233,53.64,0,0,0,9,1
1986,CS Pandit,15,10,115,33*,16.42,146,78.76,0,0,1,6,0
1986,RMH Binny,21,10,77,24,9.62,108,71.29,0,0,1,4,0
1986,S Madan Lal,11,8,63,30,15.75,110,57.27,0,0,0,5,0
1986,KBJ Azad,3,3,31,30,10.33,66,46.96,0,0,1,0,2
1986,SM Patil,4,3,29,12,9.66,59,49.15,0,0,0,2,0
1986,SMH Kirmani,2,1,27,27,27,33,81.81,0,0,0,4,0
1986,RR Kulkarni,3,2,14,9,14,15,93.33,0,0,0,1,0
1986,Maninder Singh,15,4,11,8*,-,16,68.75,0,0,0,1,0
1986,B Arun,1,1,8,8,8,12,66.66,0,0,0,1,0
1986,G Sharma,2,1,7,7,7,20,35,0,0,0,0,0
1986,KS More,10,6,7,2,1.75,35,20,0,0,1,0,0
1986,L Sivaramakrishnan,4,1,2,2*,-,13,15.38,0,0,0,0,0
1986,RS Ghai,2,1,1,1,1,3,33.33,0,0,0,0,0
1986,NS Yadav,4,2,1,1*,-,16,6.25,0,0,0,0,0
1987,SM Gavaskar,18,18,735,103*,49,1013,72.55,1,7,1,NA,NA
1987,DB Vengsarkar,20,18,618,95*,47.53,848,72.87,0,5,1,NA,NA
1987,K Srikkanth,19,19,598,123,33.22,708,84.46,1,4,1,NA,NA
1987,M Azharuddin,21,17,517,108*,39.76,694,74.49,1,3,1,NA,NA
1987,N Kapil Dev,21,17,448,87,37.33,396,113.13,0,4,0,NA,NA
1987,RJ Shastri,21,16,355,69*,29.58,490,72.44,0,3,0,NA,NA
1987,NS Sidhu,7,5,276,75,55.2,321,85.98,0,4,0,NA,NA
1987,R Lamba,11,11,220,57*,22,333,66.06,0,1,0,NA,NA
1987,M Prabhakar,15,11,193,106,27.57,335,57.61,1,0,0,NA,NA
1987,KS More,8,6,93,42*,31,91,102.19,0,0,1,NA,NA
1987,CS Pandit,9,5,81,33*,27,97,83.5,0,0,0,NA,NA
1987,S Madan Lal,6,2,39,38,19.5,31,125.8,0,0,0,NA,NA
1987,M Amarnath,1,1,33,33,33,70,47.14,0,0,0,NA,NA
1987,RR Kulkarni,6,2,18,15,18,20,90,0,0,0,NA,NA
1987,Maninder Singh,22,8,18,5*,9,45,40,0,0,1,NA,NA
1987,S Viswanath,7,5,17,6,3.4,34,50,0,0,0,NA,NA
1987,C Sharma,7,4,14,7*,4.66,29,48.27,0,0,1,NA,NA
1987,B Arun,3,2,13,7*,13,20,65,0,0,0,NA,NA
1987,AD Gaekwad,2,2,12,12,6,31,38.7,0,0,1,NA,NA
1987,Arshad Ayub,2,2,10,6,5,17,58.82,0,0,0,NA,NA
1987,LS Rajput,2,2,8,8,4,29,27.58,0,0,1,NA,NA
1987,J Arun Lal,1,1,7,7,7,20,35,0,0,0,NA,NA
1987,G Sharma,6,1,4,4,4,4,100,0,0,0,NA,NA
1987,RMH Binny,2,1,0,0,0,3,0,0,0,1,NA,NA
1988,K Srikkanth,19,19,618,112,32.52,850,72.7,2,2,0,65,11
1988,M Amarnath,15,15,584,102*,53.09,887,65.83,2,4,0,38,4
1988,M Azharuddin,19,18,481,108*,32.06,566,84.98,1,0,1,28,9
1988,NS Sidhu,12,12,463,88,42.09,688,67.29,0,5,0,31,8
1988,RJ Shastri,12,12,367,73*,33.36,460,79.78,0,2,0,23,7
1988,N Kapil Dev,19,18,331,52,22.06,340,97.35,0,1,1,28,7
1988,DB Vengsarkar,11,10,271,76*,33.87,394,68.78,0,3,2,10,2
1988,WV Raman,9,9,165,95,20.62,305,54.09,0,1,0,10,0
1988,AK Sharma,8,6,111,52*,55.5,93,119.35,0,2,0,8,3
1988,CS Pandit,7,5,87,31*,43.5,142,61.26,0,0,0,3,0
1988,KS More,12,10,86,30,12.28,119,72.26,0,0,0,4,1
1988,SV Manjrekar,4,4,85,52,42.5,106,80.18,0,1,1,6,0
1988,J Arun Lal,5,5,77,51,15.4,121,63.63,0,1,2,8,0
1988,VB Chandrasekhar,4,4,73,53,18.25,130,56.15,0,1,0,10,0
1988,Arshad Ayub,14,5,66,31*,22,88,75,0,0,0,5,0
1988,SK Sharma,17,8,53,28,10.6,89,59.55,0,0,2,3,0
1988,C Sharma,5,3,28,16*,28,27,103.7,0,0,1,4,0
1988,Maninder Singh,13,3,14,7,14,18,77.77,0,0,0,0,0
1988,R Lamba,1,1,8,8,8,18,44.44,0,0,0,1,0
1988,S Viswanath,2,2,8,7,4,27,29.62,0,0,0,0,0
1988,ND Hirwani,10,2,3,2,3,17,17.64,0,0,0,0,0
1988,M Venkataramana,1,1,0,0*,-,0,-,0,0,0,0,0
1989,NS Sidhu,13,12,404,108,33.66,573,70.5,1,3,0,NA,NA
1989,K Srikkanth,18,17,404,65,25.25,687,58.8,0,3,0,NA,NA
1989,DB Vengsarkar,13,12,307,88,25.58,480,63.95,0,1,0,NA,NA
1989,M Azharuddin,17,15,282,38,20.14,393,71.75,0,0,0,NA,NA
1989,R Lamba,10,9,266,61,29.55,418,63.63,0,3,0,NA,NA
1989,M Amarnath,9,9,258,88,32.25,385,67.01,0,1,0,NA,NA
1989,N Kapil Dev,15,14,238,44,18.3,294,80.95,0,0,1,NA,NA
1989,AK Sharma,13,12,195,43*,17.72,220,88.63,0,0,0,NA,NA
1989,C Sharma,12,9,180,101*,45,213,84.5,1,0,0,NA,NA
1989,RJ Shastri,14,13,171,44,14.25,300,57,0,0,0,NA,NA
1989,KS More,18,14,125,32,12.5,204,61.27,0,0,2,NA,NA
1989,M Prabhakar,13,10,82,25,11.71,132,62.12,0,0,2,NA,NA
1989,Arshad Ayub,13,9,34,7*,8.5,50,68,0,0,1,NA,NA
1989,SK Sharma,2,2,20,14,10,33,60.6,0,0,0,NA,NA
1989,V Razdan,2,2,19,18,9.5,23,82.6,0,0,0,NA,NA
1989,SV Manjrekar,3,2,14,13,7,30,46.66,0,0,0,NA,NA
1989,RR Singh,2,2,13,10*,13,19,68.42,0,0,0,NA,NA
1989,SA Ankola,3,2,7,7*,7,4,175,0,0,1,NA,NA
1989,J Arun Lal,2,2,7,6,3.5,29,24.13,0,0,0,NA,NA
1989,Maninder Singh,3,2,2,2*,-,4,50,0,0,0,NA,NA
1989,SR Tendulkar,1,1,0,0,0,2,0,0,0,1,NA,NA
1989,ND Hirwani,2,2,0,0*,0,3,0,0,0,1,NA,NA
1990,M Azharuddin,13,12,522,108,65.25,627,83.25,1,4,0,37,3
1990,NS Sidhu,9,9,345,104*,43.12,464,74.35,1,2,2,35,4
1990,SV Manjrekar,11,11,314,82,31.4,578,54.32,0,2,0,17,0
1990,SR Tendulkar,11,10,239,53,23.9,242,98.76,0,1,1,21,6
1990,RJ Shastri,8,8,238,101*,39.66,404,58.91,1,1,0,25,1
1990,N Kapil Dev,13,11,192,48*,24,234,82.05,0,0,0,16,2
1990,WV Raman,7,7,143,58,20.42,270,52.96,0,1,2,14,1
1990,M Prabhakar,13,8,134,36,22.33,251,53.38,0,0,0,14,0
1990,DB Vengsarkar,4,4,91,54,22.75,124,73.38,0,1,1,9,2
1990,KS More,13,8,73,27,10.42,114,64.03,0,0,0,4,1
1990,K Srikkanth,2,2,54,35,27,85,63.52,0,0,0,1,0
1990,AK Sharma,4,4,37,15,9.25,58,63.79,0,0,0,2,0
1990,AS Wassan,8,6,33,16,8.25,56,58.92,0,0,1,2,0
1990,VB Chandrasekhar,3,3,15,8,5,32,46.87,0,0,0,1,0
1990,SK Sharma,4,2,7,5,7,13,53.84,0,0,0,0,0
1990,Arshad Ayub,3,1,6,6,6,7,85.71,0,0,0,0,0
1990,Gursharan Singh,1,1,4,4,4,10,40,0,0,0,0,0
1990,V Razdan,1,1,4,4*,-,4,100,0,0,0,0,0
1990,SLV Raju,3,2,4,4,2,15,26.66,0,0,1,0,0
1990,SP Mukherjee,2,1,2,2*,-,2,100,0,0,0,0,0
1990,ND Hirwani,3,2,1,1*,1,2,50,0,0,1,0,0
1990,A Kumble,7,2,0,0,0,10,0,0,0,2,0,0
1991,SV Manjrekar,14,14,646,105,53.83,903,71.53,1,7,0,28,4
1991,SR Tendulkar,14,14,417,62,34.75,560,74.46,0,4,1,33,3
1991,NS Sidhu,7,7,283,98,40.42,446,63.45,0,2,0,18,2
1991,RJ Shastri,12,12,283,109,23.58,618,45.79,1,1,2,24,1
1991,K Srikkanth,7,7,276,82,39.42,339,81.41,0,4,0,35,1
1991,M Azharuddin,13,13,229,54*,25.44,290,78.96,0,1,2,8,1
1991,N Kapil Dev,14,12,135,39,16.87,200,67.5,0,0,1,3,0
1991,PK Amre,8,6,130,55,21.66,215,60.46,0,1,0,9,1
1991,VG Kambli,5,3,93,40,46.5,149,62.41,0,0,0,6,0
1991,M Prabhakar,14,8,73,19*,14.6,126,57.93,0,0,0,2,0
1991,KS More,13,5,51,26*,25.5,79,64.55,0,0,0,6,0
1991,J Srinath,11,4,24,14,8,56,42.85,0,0,1,1,1
1991,ST Banerjee,3,3,13,6*,13,17,76.47,0,0,0,0,0
1991,SLV Raju,10,2,5,3*,5,11,45.45,0,0,0,0,0
1991,WV Raman,1,1,0,0,0,2,0,0,0,1,0,0
1992,SR Tendulkar,21,20,704,84,39.11,1019,69.08,0,6,0,50,1
1992,M Azharuddin,21,20,652,93,34.31,954,68.34,0,5,1,51,3
1992,N Kapil Dev,21,20,318,42,18.7,384,82.81,0,0,0,25,5
1992,SV Manjrekar,16,16,317,70,19.81,526,60.26,0,1,1,12,1
1992,K Srikkanth,13,13,275,60,22.91,448,61.38,0,1,3,30,1
1992,RJ Shastri,11,11,264,61,29.33,522,50.57,0,2,0,14,0
1992,PK Amre,14,12,244,84*,24.4,370,65.94,0,1,0,8,1
1992,WV Raman,5,5,210,114,42,373,56.3,1,0,1,14,1
1992,A Jadeja,13,12,205,48,18.63,454,45.15,0,0,1,17,0
1992,M Prabhakar,21,15,139,36,11.58,241,57.67,0,0,2,9,0
1992,KS More,14,12,116,32,14.5,153,75.81,0,0,0,9,2
1992,J Srinath,19,13,44,11,7.33,45,97.77,0,0,3,2,0
1992,V Yadav,3,2,37,34*,37,25,148,0,0,0,2,0
1992,ST Banerjee,3,2,36,25*,36,25,144,0,0,0,2,1
1992,VG Kambli,5,4,29,24,7.25,57,50.87,0,0,0,0,0
1992,A Kumble,8,5,18,7*,6,29,62.06,0,0,1,1,0
1992,SLV Raju,12,5,18,8,6,25,72,0,0,1,1,0
1992,C Sharma,2,1,15,15,15,16,93.75,0,0,0,0,0
1992,CS Pandit,4,3,7,5*,3.5,15,46.66,0,0,1,0,0
1992,ND Hirwani,2,1,4,4,4,7,57.14,0,0,0,0,0
1992,SC Ganguly,1,1,3,3,3,13,23.07,0,0,0,0,0
1992,NS Sidhu,2,2,2,1,1,25,8,0,0,0,0,0
1993,M Azharuddin,18,17,769,95*,59.15,920,83.58,0,8,0,54,12
1993,VG Kambli,18,18,684,100*,42.75,1005,68.05,1,5,0,56,2
1993,M Prabhakar,17,17,522,91,30.7,835,62.51,0,5,2,38,0
1993,NS Sidhu,12,12,459,134*,41.72,647,70.94,1,2,2,41,2
1993,SR Tendulkar,18,17,319,82*,24.53,436,73.16,0,1,0,22,3
1993,N Kapil Dev,17,12,141,32,14.1,179,78.77,0,0,1,13,1
1993,PK Amre,12,10,120,48,15,185,64.86,0,0,1,11,0
1993,AK Sharma,6,5,81,59*,20.25,98,82.65,0,1,2,8,0
1993,V Yadav,14,9,81,27,10.12,90,90,0,0,1,5,2
1993,A Kumble,18,10,78,24,13,129,60.46,0,0,2,5,0
1993,A Jadeja,3,3,75,39,25,136,55.14,0,0,0,9,1
1993,WV Raman,4,4,70,66,17.5,108,64.81,0,1,2,7,2
1993,J Srinath,18,6,14,5*,3.5,29,48.27,0,0,0,1,0
1993,KS More,4,4,12,10*,6,13,92.3,0,0,1,2,0
1993,RK Chauhan,6,3,7,4,3.5,18,38.88,0,0,1,0,0
1993,SA Ankola,6,4,7,2*,7,11,63.63,0,0,0,0,0
1993,SLV Raju,5,1,1,1*,-,3,33.33,0,0,0,0,0
1994,SR Tendulkar,25,25,1089,115,47.34,1229,88.6,3,9,3,130,11
1994,NS Sidhu,22,21,885,114*,49.16,1236,71.6,2,5,1,64,10
1994,A Jadeja,17,16,720,104,45,1116,64.51,1,6,1,57,6
1994,VG Kambli,25,24,716,82*,51.14,889,80.53,0,5,1,36,11
1994,M Azharuddin,25,24,689,81,36.26,745,92.48,0,3,0,49,5
1994,M Prabhakar,14,13,375,102*,41.66,564,66.48,1,2,1,40,0
1994,AC Bedade,13,10,158,51,22.57,183,86.33,0,1,0,11,5
1994,NR Mongia,23,11,105,40*,21,179,58.65,0,0,1,9,0
1994,RK Chauhan,15,5,66,26*,22,87,75.86,0,0,0,5,1
1994,N Kapil Dev,11,7,57,17,11.4,84,67.85,0,0,0,4,0
1994,A Kumble,24,8,52,18*,13,75,69.33,0,0,0,3,1
1994,SV Manjrekar,2,2,29,22*,-,49,59.18,0,0,0,0,0
1994,PK Amre,3,2,19,16*,19,29,65.51,0,0,0,0,0
1994,J Srinath,23,5,18,7,6,33,54.54,0,0,1,1,0
1994,Bhupinder Singh,2,1,6,6,6,13,46.15,0,0,0,0,0
1994,SLV Raju,10,1,1,1*,-,1,100,0,0,0,0,0
1994,C Sharma,3,1,1,1,1,3,33.33,0,0,0,0,0
1994,BKV Prasad,11,1,0,0,0,4,0,0,0,1,0,0
1994,V Yadav,2,1,0,0,0,1,0,0,0,1,0,0
1994,SA Ankola,5,2,0,0,0,2,0,0,0,2,0,0
1995,SR Tendulkar,12,12,444,112*,40.36,438,101.36,1,1,0,62,4
1995,NS Sidhu,9,9,349,84*,49.85,482,72.4,0,5,0,30,1
1995,M Prabhakar,12,12,325,83,32.5,538,60.4,0,4,1,33,0
1995,M Azharuddin,12,10,286,90*,31.77,400,71.5,0,2,0,17,4
1995,VG Kambli,9,8,219,51*,31.28,284,77.11,0,1,1,21,1
1995,SV Manjrekar,9,6,199,50,49.75,275,72.36,0,1,1,16,2
1995,A Jadeja,9,7,170,61,34,298,57.04,0,1,1,18,2
1995,NR Mongia,12,7,134,36*,26.8,157,85.35,0,0,0,11,0
1995,J Srinath,12,6,76,37,19,66,115.15,0,0,1,6,2
1995,A Kumble,12,5,23,12,5.75,33,69.69,0,0,1,3,0
1995,BKV Prasad,10,5,9,5*,3,26,34.61,0,0,1,0,0
1995,AR Kapoor,7,1,6,6,6,6,100,0,0,0,1,0
1995,U Chatterjee,3,2,6,3*,6,30,20,0,0,0,0,0
1995,SLV Raju,2,1,0,0,0,3,0,0,0,1,0,0
1996,SR Tendulkar,32,32,1611,137,53.7,1955,82.4,6,9,0,163,17
1996,M Azharuddin,32,31,931,94,38.79,1279,72.79,0,6,1,59,10
1996,A Jadeja,32,30,789,71*,34.3,1023,77.12,0,4,2,52,20
1996,NS Sidhu,16,16,482,101,30.12,720,66.94,1,3,0,31,3
1996,R Dravid,20,19,475,90,27.94,684,69.44,0,3,1,32,1
1996,SV Manjrekar,15,15,390,62,27.85,634,61.51,0,3,0,19,3
1996,NR Mongia,32,25,338,69,17.78,476,71,0,1,1,28,1
1996,SC Ganguly,10,9,269,59,33.62,430,62.55,0,2,0,25,2
1996,J Srinath,32,24,267,53,14.05,286,93.35,0,1,3,20,5
1996,VG Kambli,14,13,262,106,29.11,347,75.5,1,0,1,23,3
1996,V Rathour,6,6,159,54,26.5,278,57.19,0,2,0,13,1
1996,A Kumble,32,19,147,17,10.5,181,81.21,0,0,3,11,2
1996,SB Joshi,14,9,114,48,16.28,155,73.54,0,0,0,9,2
1996,BKV Prasad,30,13,41,19,8.2,61,67.21,0,0,2,1,3
1996,AR Kapoor,8,5,37,19,7.4,57,64.91,0,0,3,1,1
1996,WV Raman,1,1,29,29,29,51,56.86,0,0,0,2,1
1996,RR Singh,3,3,21,10,7,44,47.72,0,0,0,1,1
1996,S Somasunder,2,2,16,9,8,63,25.39,0,0,0,1,0
1996,PS Vaidya,2,2,15,12,7.5,12,125,0,0,0,2,0
1996,M Prabhakar,4,3,11,7,3.66,54,20.37,0,0,0,1,0
1996,P Dharmani,1,1,8,8,8,8,100,0,0,0,0,0
1996,PL Mhambrey,2,1,7,7*,-,5,140,0,0,0,1,0
1996,SLV Raju,11,4,3,3*,3,9,33.33,0,0,1,0,0
1997,SC Ganguly,38,35,1338,113,41.81,1919,69.72,1,10,3,128,12
1997,M Azharuddin,36,32,1104,111*,40.88,1550,71.22,1,9,0,55,8
1997,SR Tendulkar,39,36,1011,117,30.63,1190,84.95,2,5,2,101,12
1997,R Dravid,31,26,951,107,39.62,1493,63.69,1,8,0,77,2
1997,A Jadeja,39,32,937,119,32.31,1319,71.03,1,6,1,51,12
1997,RR Singh,37,30,706,100,28.24,802,88.02,1,1,2,51,15
1997,SS Karim,25,19,287,55,16.88,414,69.32,0,1,1,20,2
1997,NS Sidhu,11,7,150,54,21.42,238,63.02,0,1,0,10,0
1997,VG Kambli,7,6,133,65,26.6,204,65.19,0,2,0,12,0
1997,NR Mongia,14,10,130,29,18.57,201,64.67,0,0,0,4,1
1997,A Kumble,25,19,124,21,9.53,189,65.6,0,0,3,7,1
1997,J Srinath,14,8,65,37,8.12,99,65.65,0,0,1,5,1
1997,RK Chauhan,14,10,59,32,7.37,66,89.39,0,0,3,0,3
1997,V Rathour,1,1,34,34,34,53,64.15,0,0,0,3,0
1997,A Kuruvilla,25,11,26,7,3.71,43,60.46,0,0,1,1,1
1997,BKV Prasad,25,12,25,10*,5,34,73.52,0,0,2,1,0
1997,SA Ankola,5,5,20,9,4,25,80,0,0,2,1,0
1997,SB Joshi,8,4,13,8,4.33,24,54.16,0,0,1,0,0
1997,NM Kulkarni,9,4,10,5*,5,15,66.66,0,0,1,0,0
1997,NA David,4,2,9,8*,-,10,90,0,0,0,0,0
1997,D Ganesh,1,1,4,4,4,8,50,0,0,0,0,0
1997,Harvinder Singh,6,1,1,1,1,2,50,0,0,0,0,0
1997,DS Mohanty,11,3,1,1*,-,1,100,0,0,0,0,0
1997,SV Bahutule,3,1,0,0*,-,2,0,0,0,0,0,0
1998,SR Tendulkar,34,33,1894,143,65.31,1854,102.15,9,7,0,188,40
1998,SC Ganguly,36,35,1328,124,41.5,1903,69.78,4,7,1,137,13
1998,M Azharuddin,37,33,1268,153*,43.72,1656,76.57,3,8,2,98,10
1998,A Jadeja,36,34,1004,116*,47.8,1392,72.12,2,6,1,65,10
1998,RR Singh,25,16,398,82,39.8,496,80.24,0,4,0,19,10
1998,NR Mongia,37,26,373,51,18.65,558,66.84,0,1,1,30,5
1998,NS Sidhu,16,15,315,62,21,489,64.41,0,1,2,33,0
1998,R Dravid,14,13,283,64,21.76,516,54.84,0,1,0,16,0
1998,HH Kanitkar,24,19,265,57,22.08,379,69.92,0,1,0,18,1
1998,AB Agarkar,30,13,177,30,16.09,200,88.5,0,0,0,15,4
1998,J Srinath,19,11,120,43,20,115,104.34,0,0,0,7,4
1998,GK Khoda,2,2,115,89,57.5,185,62.16,0,1,0,11,0
1998,VG Kambli,3,3,89,39,29.66,107,83.17,0,0,0,8,1
1998,A Kumble,25,7,64,20,16,101,63.36,0,0,0,2,1
1998,VVS Laxman,7,6,62,23*,12.4,143,43.35,0,0,1,3,0
1998,N Chopra,6,4,61,39,15.25,106,57.54,0,0,0,4,0
1998,JV Paranjpe,4,4,54,27,18,91,59.34,0,0,0,3,1
1998,SB Joshi,12,7,54,19,9,76,71.05,0,0,1,6,1
1998,BKV Prasad,23,10,44,19,6.28,70,62.85,0,0,0,1,0
1998,SV Bahutule,4,2,12,11,6,14,85.71,0,0,0,1,0
1998,MSK Prasad,2,1,11,11*,-,13,84.61,0,0,0,0,0
1998,Harbhajan Singh,13,5,9,4,3,19,47.36,0,0,1,1,0
1998,SS Karim,1,1,8,8,8,15,53.33,0,0,0,2,0
1998,DS Mohanty,9,2,8,4*,8,15,53.33,0,0,0,0,0
1998,SS Raul,2,2,8,8,4,14,57.14,0,0,1,0,0
1998,RL Sanghvi,10,2,8,8,4,11,72.72,0,0,1,0,1
1998,Harvinder Singh,7,3,4,3*,2,12,33.33,0,0,1,0,0
1998,NM Kulkarni,1,1,1,1*,-,5,20,0,0,0,0,0
1999,SC Ganguly,41,41,1767,183,46.5,2325,76,4,10,1,183,26
1999,R Dravid,43,43,1761,153,46.34,2343,75.16,6,8,3,164,12
1999,A Jadeja,36,34,1144,103*,42.37,1484,77.08,2,5,2,75,26
1999,SR Tendulkar,22,22,843,186*,42.15,951,88.64,3,1,4,84,14
1999,RR Singh,39,35,655,75,24.25,901,72.69,0,2,2,32,13
1999,S Ramesh,24,24,646,82,28.08,1092,59.15,0,6,3,70,1
1999,M Azharuddin,18,17,408,74*,27.2,524,77.86,0,4,0,23,7
1999,N Chopra,29,18,226,61,17.38,340,66.47,0,1,1,10,5
1999,SB Joshi,17,9,206,61*,51.5,204,100.98,0,1,0,14,10
1999,NR Mongia,21,16,188,30*,31.33,260,72.3,0,0,1,13,1
1999,AR Khurasiya,10,9,137,57,15.22,163,84.04,0,1,0,12,2
1999,R Vijay Bharadwaj,9,8,136,41*,34,193,70.46,0,0,0,15,1
1999,J Srinath,28,14,121,28,11,135,89.62,0,0,2,7,3
1999,MSK Prasad,15,10,120,63,13.33,212,56.6,0,1,2,11,0
1999,VG Kambli,9,9,80,26,10,155,51.61,0,0,0,7,1
1999,A Kumble,30,13,60,15*,10,109,55.04,0,0,0,3,0
1999,BKV Prasad,35,11,58,18,8.28,91,63.73,0,0,1,4,1
1999,AB Agarkar,11,7,43,20,7.16,86,50,0,0,0,3,0
1999,JJ Martin,3,2,40,33,20,99,40.4,0,0,0,4,0
1999,HH Kanitkar,5,4,38,17*,12.66,69,55.07,0,0,0,4,0
1999,DJ Gandhi,1,1,30,30,30,67,44.77,0,0,0,5,0
1999,SS Karim,1,1,18,18,18,51,35.29,0,0,0,1,0
1999,LR Shukla,3,2,18,13,9,19,94.73,0,0,0,1,0
1999,T Kumaran,2,1,8,8,8,9,88.88,0,0,0,1,0
1999,GK Pandey,2,2,4,4*,4,11,36.36,0,0,1,0,0
1999,V Sehwag,1,1,1,1,1,2,50,0,0,0,0,0
1999,DS Mohanty,18,3,0,0*,0,6,0,0,0,2,0,0
2000,SC Ganguly,32,32,1579,144,56.39,1908,82.75,7,6,0,151,35
2000,SR Tendulkar,34,34,1328,146,39.05,1624,81.77,3,6,0,143,13
2000,R Dravid,31,29,980,85,35,1536,63.8,0,9,0,91,1
2000,RR Singh,29,26,527,51,22.91,850,62,0,2,1,32,2
2000,A Jadeja,11,11,315,93,39.37,456,69.07,0,2,1,22,8
2000,M Azharuddin,11,11,268,54,26.8,427,62.76,0,1,0,25,1
2000,Yuvraj Singh,13,12,260,84,21.66,285,91.22,0,1,0,29,3
2000,HK Badani,8,7,239,77,47.8,304,78.61,0,2,0,13,2
2000,AB Agarkar,28,19,221,67*,22.1,223,99.1,0,1,2,16,5
2000,SB Joshi,17,15,178,25*,13.69,171,104.09,0,0,2,16,4
2000,VG Kambli,9,9,172,60,21.5,246,69.91,0,1,1,18,1
2000,A Kumble,24,14,150,26,13.63,241,62.24,0,0,1,6,1
2000,V Dahiya,14,10,141,40,15.66,187,75.4,0,0,1,10,2
2000,SS Dighe,11,10,107,36*,17.83,200,53.5,0,0,0,3,0
2000,JJ Martin,5,5,82,39,20.5,162,50.61,0,0,1,6,0
2000,RS Sodhi,4,4,70,53*,35,105,66.66,0,1,0,4,1
2000,J Srinath,11,8,69,30,11.5,112,61.6,0,0,2,6,1
2000,Z Khan,13,6,57,32*,28.5,50,114,0,0,0,3,4
2000,SS Karim,7,6,49,22,12.25,80,61.25,0,0,1,4,0
2000,HH Kanitkar,4,4,36,30,9,64,56.25,0,0,2,3,0
2000,BKV Prasad,25,10,34,14,8.5,56,60.71,0,0,1,0,1
2000,VVS Laxman,6,6,24,9,4,116,20.68,0,0,0,2,0
2000,N Chopra,4,4,23,14,7.66,52,44.23,0,0,0,1,0
2000,S Sriram,6,5,21,12,5.25,39,53.84,0,0,1,2,0
2000,V Sehwag,2,1,19,19,19,24,79.16,0,0,0,0,1
2000,DJ Gandhi,2,2,19,13,9.5,30,63.33,0,0,0,3,0
2000,T Kumaran,6,2,11,7,5.5,18,61.11,0,0,0,1,0
2000,NR Mongia,1,1,4,4,4,14,28.57,0,0,0,0,0
2000,DS Mohanty,3,2,1,1,0.5,15,6.66,0,0,1,0,0
2000,A Bhandari,1,1,0,0*,-,0,-,0,0,0,0,0
2001,SR Tendulkar,17,16,904,146,69.53,990,91.31,4,3,1,116,3
2001,SC Ganguly,23,22,813,127,36.95,1144,71.06,2,6,2,80,22
2001,R Dravid,24,21,740,80,43.52,1046,70.74,0,6,0,58,1
2001,VVS Laxman,16,15,541,101,38.64,736,73.5,1,4,1,54,1
2001,V Sehwag,19,18,439,100,29.26,441,99.54,1,3,2,64,6
2001,HK Badani,15,15,327,100,27.25,490,66.73,1,1,1,26,7
2001,Yuvraj Singh,15,12,238,98*,23.8,312,76.28,0,1,2,21,2
2001,RS Sodhi,13,9,209,67,26.12,273,76.55,0,1,0,12,5
2001,Harbhajan Singh,22,14,156,46,13,170,91.76,0,0,2,15,4
2001,SS Dighe,12,7,149,94*,29.8,221,67.42,0,1,1,8,2
2001,Z Khan,16,10,84,29,16.8,109,77.06,0,0,1,7,2
2001,V Dahiya,5,5,75,51,18.75,80,93.75,0,1,1,8,1
2001,AB Agarkar,12,8,74,16,14.8,99,74.74,0,0,0,4,0
2001,D Dasgupta,5,4,51,24*,17,82,62.19,0,0,1,6,0
2001,D Mongia,4,4,51,37,12.75,83,61.44,0,0,0,6,0
2001,JJ Martin,2,1,36,36,36,70,51.42,0,0,0,5,0
2001,SB Joshi,1,1,19,19,19,23,82.6,0,0,0,2,0
2001,J Srinath,11,6,19,7*,4.75,21,90.47,0,0,1,2,0
2001,DS Mohanty,4,1,18,18*,-,20,90,0,0,0,1,0
2001,RR Singh,1,1,16,16,16,32,50,0,0,0,0,0
2001,AR Khurasiya,2,2,12,12,6,25,48,0,0,1,2,0
2001,BKV Prasad,2,1,10,10*,-,25,40,0,0,0,0,0
2001,SS Das,3,3,9,5*,4.5,17,52.94,0,0,0,0,0
2001,A Kumble,7,4,8,7*,2.66,24,33.33,0,0,2,0,0
2001,A Nehra,10,3,6,2*,6,26,23.07,0,0,0,0,0
2001,Harvinder Singh,3,1,1,1,1,5,20,0,0,0,0,0
2002,V Sehwag,30,30,1130,126,41.85,1076,105.01,3,5,3,171,10
2002,SC Ganguly,32,30,1114,117*,38.41,1347,82.7,1,9,2,126,19
2002,R Dravid,28,24,913,109*,48.05,1191,76.65,1,7,0,70,2
2002,SR Tendulkar,20,19,741,113,52.92,847,87.48,2,3,0,78,6
2002,D Mongia,25,25,740,159*,33.63,985,75.12,1,2,2,84,5
2002,M Kaif,32,24,692,111*,40.7,848,81.6,1,3,0,50,4
2002,Yuvraj Singh,26,21,659,80*,36.61,686,96.06,0,7,1,66,9
2002,VVS Laxman,21,21,613,99,30.65,855,71.69,0,5,0,55,0
2002,AB Agarkar,26,19,261,95,23.72,259,100.77,0,1,3,29,3
2002,SB Bangar,9,9,159,57*,22.71,187,85.02,0,1,2,14,2
2002,Harbhajan Singh,27,13,115,24*,14.37,133,86.46,0,0,1,11,2
2002,A Ratra,12,8,90,30,12.85,127,70.86,0,0,0,8,0
2002,HK Badani,6,5,89,35,22.25,109,81.65,0,0,0,8,0
2002,A Kumble,21,10,70,21*,11.66,104,67.3,0,0,2,3,0
2002,Z Khan,22,9,44,14,5.5,82,53.65,0,0,2,4,0
2002,SS Das,1,1,30,30,30,60,50,0,0,0,2,1
2002,A Nehra,16,7,30,24,10,32,93.75,0,0,1,2,1
2002,Sarandeep Singh,3,3,28,19,14,53,52.83,0,0,0,3,0
2002,J Srinath,15,7,18,7*,4.5,36,50,0,0,2,0,0
2002,M Kartik,5,2,13,11,6.5,23,56.52,0,0,0,1,0
2002,T Yohannan,3,2,7,5*,-,11,63.63,0,0,0,0,0
2002,RS Sodhi,1,1,1,1,1,3,33.33,0,0,0,0,0
2002,R Vijay Bharadwaj,1,1,0,0,0,1,0,0,0,1,0,0
2002,Jai P Yadav,2,1,0,0,0,5,0,0,0,1,0,0
2003,SR Tendulkar,21,21,1141,152,57.05,1306,87.36,3,8,1,131,7
2003,V Sehwag,27,27,871,130,32.25,1021,85.3,2,3,2,115,16
2003,SC Ganguly,22,22,756,112*,42,992,76.2,3,2,2,58,21
2003,R Dravid,23,21,623,62,41.53,966,64.49,0,4,0,50,4
2003,Yuvraj Singh,26,25,600,102*,31.57,782,76.72,1,3,2,63,7
2003,M Kaif,27,25,478,95*,22.76,766,62.4,0,3,3,41,5
2003,D Mongia,19,13,237,55*,21.54,344,68.89,0,1,1,17,1
2003,VVS Laxman,8,8,232,102,29,327,70.94,1,0,0,29,0
2003,G Gambhir,5,5,113,71,22.6,185,61.08,0,1,0,15,0
2003,Z Khan,26,15,107,34*,10.7,137,78.1,0,0,4,11,3
2003,AB Agarkar,14,10,104,26*,13,118,88.13,0,0,2,9,4
2003,Harbhajan Singh,20,12,75,28,7.5,85,88.23,0,0,1,6,2
2003,HK Badani,2,2,71,41,35.5,81,87.65,0,0,0,9,0
2003,PA Patel,9,5,66,27,13.2,130,50.76,0,0,0,5,0
2003,A Kumble,10,6,66,21,16.5,165,40,0,0,0,6,0
2003,J Srinath,16,9,28,15,5.6,76,36.84,0,0,2,4,0
2003,Sarandeep Singh,2,1,19,19,19,20,95,0,0,0,3,0
2003,SB Bangar,4,4,18,9,4.5,43,41.86,0,0,0,0,1
2003,SV Bahutule,1,1,11,11,11,13,84.61,0,0,0,1,0
2003,A Nehra,14,4,11,8*,11,21,52.38,0,0,1,2,0
2003,AV Kale,1,1,10,10,10,22,45.45,0,0,0,1,0
2003,M Kartik,4,3,6,4*,6,13,46.15,0,0,0,0,0
2003,AM Salvi,4,3,4,4*,2,14,28.57,0,0,2,0,0
2004,R Dravid,31,28,1025,104,39.42,1367,74.98,1,10,2,85,2
2004,SC Ganguly,31,30,947,90,32.65,1355,69.88,0,7,2,79,18
2004,Yuvraj Singh,31,28,841,139,30.03,927,90.72,1,5,1,87,9
2004,VVS Laxman,25,24,837,131,41.85,1049,79.79,4,1,0,77,3
2004,SR Tendulkar,21,21,812,141,40.6,1014,80.07,1,5,1,101,5
2004,V Sehwag,27,26,671,90,25.8,736,91.16,0,5,3,83,13
2004,M Kaif,22,20,564,80,37.6,719,78.44,0,4,0,50,0
2004,IK Pathan,28,21,230,38,19.16,290,79.31,0,0,1,17,6
2004,AB Agarkar,13,9,179,53,22.37,225,79.55,0,1,0,12,6
2004,RS Gavaskar,11,10,151,54,18.87,234,64.52,0,1,0,8,2
2004,HK Badani,9,7,141,60*,47,196,71.93,0,1,0,12,1
2004,L Balaji,23,12,95,21*,11.87,126,75.39,0,0,1,7,2
2004,PA Patel,5,5,66,28,16.5,96,68.75,0,0,1,8,0
2004,Harbhajan Singh,11,5,62,41*,20.66,81,76.54,0,0,1,7,1
2004,M Kartik,8,4,61,32*,30.5,77,79.22,0,0,0,5,0
2004,S Sriram,2,2,60,57,30,96,62.5,0,1,0,7,0
2004,Z Khan,12,6,44,28*,14.66,46,95.65,0,0,2,3,2
2004,Joginder Sharma,3,2,34,29*,-,24,141.66,0,0,0,5,0
2004,RR Powar,2,2,32,18*,32,29,110.34,0,0,0,5,0
2004,A Kumble,13,6,26,9*,8.66,43,60.46,0,0,0,2,0
2004,A Nehra,15,6,24,14*,8,16,150,0,0,3,3,1
2004,MS Dhoni,3,3,19,12,9.5,14,135.71,0,0,1,2,1
2004,D Mongia,1,1,12,12,12,18,66.66,0,0,0,0,0
2004,SB Bangar,2,2,3,3,1.5,9,33.33,0,0,1,0,0
2004,KD Karthik,2,1,1,1,1,12,8.33,0,0,0,0,0
2005,R Dravid,26,26,971,104,48.55,1305,74.4,2,8,2,92,2
2005,MS Dhoni,27,24,895,183*,49.72,868,103.11,2,3,1,67,34
2005,V Sehwag,26,26,844,108,33.76,762,110.76,1,3,0,119,9
2005,Yuvraj Singh,26,25,839,120,41.95,1043,80.44,3,3,0,90,10
2005,M Kaif,22,21,697,102*,43.56,966,72.15,1,4,1,66,0
2005,SR Tendulkar,16,16,412,123,27.46,533,77.29,1,2,0,51,5
2005,IK Pathan,20,12,383,83,34.81,431,88.86,0,3,2,35,12
2005,SC Ganguly,12,12,187,51,17,342,54.67,0,1,1,22,0
2005,G Gambhir,6,6,181,103,30.16,204,88.72,1,0,1,28,1
2005,Y Venugopal Rao,11,8,136,38,19.42,231,58.87,0,0,2,11,3
2005,Harbhajan Singh,24,10,108,37*,21.6,129,83.72,0,0,2,8,4
2005,SK Raina,8,5,89,39*,22.25,88,101.13,0,0,1,10,0
2005,Jai P Yadav,10,6,81,69,27,118,68.64,0,1,1,11,1
2005,Z Khan,10,8,79,27*,19.75,70,112.85,0,0,0,6,5
2005,AB Agarkar,16,8,61,21,7.62,90,67.77,0,0,1,6,0
2005,D Mongia,2,2,33,33*,33,32,103.12,0,0,1,0,2
2005,VVS Laxman,2,2,29,22,14.5,55,52.72,0,0,0,2,0
2005,L Balaji,5,3,18,17*,18,16,112.5,0,0,1,0,1
2005,A Nehra,14,5,15,9*,5,27,55.55,0,0,1,1,0
2005,RP Singh,8,3,11,9*,-,10,110,0,0,0,1,0
2005,A Kumble,3,1,9,9*,-,15,60,0,0,0,0,0
2005,M Kartik,12,1,8,8,8,14,57.14,0,0,0,0,0
2006,R Dravid,27,27,919,105,35.34,1255,73.22,1,8,2,112,3
2006,Yuvraj Singh,22,21,849,107*,53.06,961,88.34,2,5,2,96,8
2006,MS Dhoni,29,26,821,96,41.05,883,92.97,0,7,0,81,20
2006,SR Tendulkar,16,16,628,141*,44.85,815,77.05,2,3,1,81,7
2006,V Sehwag,24,23,608,97,26.43,708,85.87,0,5,1,77,8
2006,SK Raina,26,22,500,81*,27.77,718,69.63,0,3,1,44,4
2006,IK Pathan,24,21,393,65,23.11,535,73.45,0,2,3,47,7
2006,M Kaif,22,20,322,66*,18.94,523,61.56,0,3,4,21,0
2006,Harbhajan Singh,23,14,154,37,14,215,71.62,0,0,1,11,3
2006,D Mongia,4,4,123,63*,41,218,56.42,0,1,0,11,0
2006,G Gambhir,5,5,115,38,23,150,76.66,0,0,0,18,1
2006,RV Uthappa,3,3,98,86,32.66,123,79.67,0,1,1,13,1
2006,Y Venugopal Rao,5,3,82,61*,41,132,62.12,0,1,0,5,0
2006,AB Agarkar,24,12,78,21,6.5,152,51.31,0,0,1,3,0
2006,RR Powar,14,7,75,54,18.75,130,57.69,0,1,0,5,1
2006,KD Karthik,4,3,42,17,14,76,55.26,0,0,0,6,1
2006,Z Khan,8,5,35,16*,11.66,44,79.54,0,0,0,4,1
2006,RP Singh,12,5,15,7,5,52,28.84,0,0,0,0,0
2006,W Jaffer,2,2,10,10,5,23,43.47,0,0,1,2,0
2006,VRV Singh,2,1,8,8,8,13,61.53,0,0,0,1,0
2006,MM Patel,14,6,6,2*,3,16,37.5,0,0,1,0,0
2006,S Sreesanth,18,7,6,3,1.5,22,27.27,0,0,3,0,0
2006,A Kumble,3,3,3,2,1,20,15,0,0,1,0,0
2006,M Kartik,1,1,1,1,1,3,33.33,0,0,0,0,0
2006,VVS Laxman,1,1,0,0,0,1,0,0,0,1,0,0
2007,SR Tendulkar,33,32,1425,100*,47.5,1665,85.58,1,13,3,192,12
2007,Yuvraj Singh,33,30,1195,121,45.96,1360,87.86,1,9,1,107,31
2007,SC Ganguly,30,28,1120,98,43.07,1557,71.93,0,11,2,115,21
2007,MS Dhoni,34,30,929,91*,40.39,1092,85.07,0,7,3,70,16
2007,R Dravid,31,27,823,92*,37.4,1003,82.05,0,8,3,75,10
2007,G Gambhir,21,21,634,101,35.22,849,74.67,1,5,2,70,2
2007,RV Uthappa,22,20,509,70,29.94,457,111.37,0,3,2,69,13
2007,V Sehwag,12,11,370,114,33.63,355,104.22,1,0,0,49,6
2007,KD Karthik,20,16,287,63,26.09,385,74.54,0,2,2,24,1
2007,Z Khan,31,16,171,31*,17.1,246,69.51,0,0,1,16,5
2007,IK Pathan,13,10,131,43,18.71,176,74.43,0,0,1,10,6
2007,Harbhajan Singh,19,11,126,38*,21,179,70.39,0,0,1,8,4
2007,AB Agarkar,17,8,71,40,8.87,122,58.19,0,0,1,6,0
2007,RG Sharma,4,3,61,52,20.33,74,82.43,0,1,0,3,1
2007,RR Powar,15,10,56,17,6.22,101,55.44,0,0,0,2,1
2007,M Kartik,7,3,37,21*,18.5,48,77.08,0,0,1,4,1
2007,D Mongia,2,2,34,17,17,41,82.92,0,0,0,4,0
2007,MM Patel,11,4,26,15,8.66,35,74.28,0,0,0,3,0
2007,RP Singh,18,6,26,12*,13,55,47.27,0,0,2,1,0
2007,SK Raina,2,1,23,23,23,36,63.88,0,0,0,4,0
2007,PP Chawla,13,7,20,13*,5,34,58.82,0,0,1,1,0
2007,S Sreesanth,12,5,19,10*,9.5,59,32.2,0,0,0,1,0
2007,P Kumar,1,1,12,12,12,13,92.3,0,0,0,1,0
2007,A Kumble,4,2,5,3*,5,13,38.46,0,0,0,0,0
2007,Joginder Sharma,1,1,1,1,1,6,16.66,0,0,0,0,0
2008,G Gambhir,27,27,1119,113,46.62,1236,90.53,3,7,1,124,6
2008,MS Dhoni,29,26,1097,109*,57.73,1333,82.29,1,8,0,74,14
2008,V Sehwag,18,18,893,119,49.61,744,120.02,1,8,0,121,22
2008,Yuvraj Singh,27,27,893,138*,38.82,891,100.22,2,3,2,82,31
2008,SK Raina,19,18,680,116*,45.33,717,94.83,2,5,0,59,18
2008,RG Sharma,28,28,532,70*,25.33,733,72.57,0,3,2,43,3
2008,SR Tendulkar,12,12,460,117*,41.81,546,84.24,1,3,1,46,0
2008,IK Pathan,20,13,223,38*,18.58,308,72.4,0,0,0,18,2
2008,RV Uthappa,13,11,179,51,19.88,275,65.09,0,1,0,12,2
2008,V Kohli,5,5,159,54,31.8,239,66.52,0,1,0,21,1
2008,YK Pathan,12,7,96,50*,24,89,107.86,0,1,2,8,5
2008,Harbhajan Singh,19,10,82,27,8.2,99,82.82,0,0,0,6,0
2008,S Badrinath,3,3,39,27*,19.5,87,44.82,0,0,0,1,0
2008,P Kumar,14,7,29,7,7.25,40,72.5,0,0,0,1,0
2008,PP Ojha,5,3,27,16*,27,55,49.09,0,0,0,2,0
2008,MM Patel,12,5,20,15,10,27,74.07,0,0,1,2,1
2008,Z Khan,10,6,19,12,3.8,73,26.02,0,0,1,0,0
2008,I Sharma,19,6,13,8,6.5,36,36.11,0,0,0,1,0
2008,S Sreesanth,7,4,9,4,4.5,13,69.23,0,0,0,0,0
2008,PP Chawla,8,3,8,6*,8,9,88.88,0,0,0,1,0
2008,RP Singh,9,3,8,4,2.66,19,42.1,0,0,1,0,0
2008,MK Tiwary,1,1,2,2,2,16,12.5,0,0,0,0,0
2009,MS Dhoni,29,24,1198,124,70.47,1400,85.57,2,9,0,79,18
2009,SR Tendulkar,21,20,972,175,54,1034,94,3,3,0,108,13
2009,G Gambhir,27,23,848,150*,40.38,916,92.57,2,5,2,77,5
2009,V Sehwag,20,19,810,146,45,593,136.59,3,2,0,114,20
2009,Yuvraj Singh,23,21,783,131,39.15,816,95.95,2,5,1,88,21
2009,SK Raina,27,21,605,68,37.81,596,101.51,0,5,3,41,24
2009,V Kohli,10,8,325,107,54.16,385,84.41,1,2,0,36,3
2009,KD Karthik,10,8,223,67,37.16,291,76.63,0,1,0,22,3
2009,RA Jadeja,14,9,201,60*,33.5,267,75.28,0,2,1,19,2
2009,R Dravid,6,5,180,76,36,262,68.7,0,1,0,11,2
2009,YK Pathan,18,13,151,59*,18.87,161,93.78,0,1,4,10,6
2009,P Kumar,19,9,147,54*,24.5,157,93.63,0,1,0,17,3
2009,Harbhajan Singh,26,12,138,49,13.8,139,99.28,0,0,3,11,6
2009,RG Sharma,9,7,102,43*,25.5,155,65.8,0,0,1,5,1
2009,RP Singh,8,3,44,23,22,106,41.5,0,0,0,3,1
2009,I Sharma,21,5,23,13,5.75,49,46.93,0,0,1,2,0
2009,Z Khan,13,2,22,17,11,33,66.66,0,0,0,0,1
2009,A Nehra,21,7,15,7,3.75,31,48.38,0,0,0,1,0
2009,IK Pathan,2,1,8,8,8,21,38.09,0,0,0,0,0
2009,L Balaji,1,1,7,7,7,10,70,0,0,0,1,0
2009,MM Patel,6,2,2,2*,2,5,40,0,0,1,0,0
2009,AM Nayar,3,1,0,0*,-,7,0,0,0,0,0,0
2009,PP Ojha,4,1,0,0*,-,0,-,0,0,0,0,0
2010,V Kohli,25,24,995,118,47.38,1169,85.11,3,7,3,90,4
2010,G Gambhir,14,14,670,138*,55.83,713,93.96,2,3,2,79,1
2010,SK Raina,24,21,631,106,39.43,649,97.22,1,3,0,58,10
2010,MS Dhoni,18,17,600,101*,46.15,760,78.94,1,3,1,52,9
2010,RG Sharma,15,14,504,114,38.76,586,86,2,1,2,34,7
2010,KD Karthik,16,16,455,79,28.43,589,77.24,0,2,2,54,5
2010,V Sehwag,12,12,446,110,40.54,410,108.78,1,1,0,66,5
2010,Yuvraj Singh,15,14,349,74,31.72,498,70.08,0,2,1,38,7
2010,RA Jadeja,21,13,334,61*,30.36,428,78.03,0,2,2,20,5
2010,YK Pathan,12,8,281,123*,46.83,230,122.17,1,0,0,23,14
2010,SR Tendulkar,2,2,204,200*,204,152,134.21,1,0,0,26,3
2010,M Vijay,8,8,178,33,22.25,274,64.96,0,0,0,20,1
2010,PA Patel,2,2,109,56*,109,127,85.82,0,2,0,14,1
2010,SS Tiwary,3,2,49,37*,-,56,87.5,0,0,0,5,1
2010,R Ashwin,7,2,38,38,19,34,111.76,0,0,1,4,1
2010,P Kumar,14,7,37,14,6.16,54,68.51,0,0,2,2,1
2010,Harbhajan Singh,6,4,34,15*,17,46,73.91,0,0,0,0,2
2010,A Nehra,20,8,30,16*,6,66,45.45,0,0,2,2,1
2010,A Mithun,2,2,28,24,14,39,71.79,0,0,0,0,2
2010,AB Dinda,5,3,18,16,6,30,60,0,0,1,1,0
2010,Z Khan,10,3,18,16,6,13,138.46,0,0,1,2,1
2010,PP Ojha,7,5,14,7*,-,39,35.89,0,0,0,1,0
2010,I Sharma,4,3,11,8*,5.5,48,22.91,0,0,1,1,0
2010,S Sreesanth,10,5,10,4,3.33,27,37.03,0,0,0,1,0
2010,MM Patel,6,3,8,7,8,12,66.66,0,0,0,1,0
2010,WP Saha,3,1,4,4,4,5,80,0,0,0,0,0
2010,Pankaj Singh,1,1,3,3*,-,3,100,0,0,0,0,0
2010,UT Yadav,3,1,3,3*,-,3,100,0,0,0,0,0
2010,NV Ojha,1,1,1,1,1,7,14.28,0,0,0,0,0
2010,S Tyagi,3,1,1,1*,-,2,50,0,0,0,0,0
2010,S Dhawan,1,1,0,0,0,2,0,0,0,1,0,0
2010,A Mishra,5,1,0,0,0,3,0,0,0,1,0,0
2011,V Kohli,34,34,1381,117,47.62,1614,85.56,4,8,2,127,7
2011,MS Dhoni,24,22,764,91*,58.76,850,89.88,0,6,0,59,14
2011,SK Raina,29,27,722,84,31.39,725,99.58,0,4,3,62,14
2011,G Gambhir,19,19,720,97,40,827,87.06,0,7,1,74,1
2011,V Sehwag,12,12,645,219,53.75,524,123.09,2,1,2,80,14
2011,RG Sharma,16,16,611,95,55.54,739,82.67,0,6,0,40,9
2011,SR Tendulkar,11,11,513,120,46.63,579,88.6,2,2,0,54,8
2011,PA Patel,21,21,491,95,24.55,602,81.56,0,2,1,52,6
2011,Yuvraj Singh,14,13,453,113,50.33,553,81.91,1,5,1,48,4
2011,AM Rahane,11,11,340,91,30.9,453,75.05,0,2,2,33,3
2011,YK Pathan,14,13,282,105,23.5,233,121.03,1,1,1,21,18
2011,RA Jadeja,13,10,220,78,31.42,253,86.95,0,1,1,21,2
2011,MK Tiwary,5,5,163,104*,40.75,202,80.69,1,0,0,16,2
2011,R Dravid,5,5,124,69,24.8,160,77.5,0,1,0,9,0
2011,R Ashwin,18,11,122,36*,17.42,152,80.26,0,0,1,9,0
2011,Harbhajan Singh,17,11,107,41,13.37,159,67.29,0,0,2,3,5
2011,S Dhawan,4,4,69,51,17.25,121,57.02,0,1,0,4,1
2011,Z Khan,14,8,62,24,7.75,123,50.4,0,0,2,7,0
2011,P Kumar,13,7,51,25*,25.5,46,110.86,0,0,0,2,3
2011,S Badrinath,4,3,40,17,13.33,85,47.05,0,0,0,3,0
2011,R Vinay Kumar,13,5,24,18,8,65,36.92,0,0,0,1,0
2011,A Mithun,3,1,23,23,23,16,143.75,0,0,0,2,2
2011,M Vijay,3,3,18,16,6,43,41.86,0,0,0,3,0
2011,UT Yadav,6,2,17,11*,-,19,89.47,0,0,0,3,0
2011,MM Patel,21,7,12,6*,6,17,70.58,0,0,1,1,0
2011,PP Chawla,4,2,10,8,5,15,66.66,0,0,0,1,0
2011,A Nehra,7,5,9,6*,2.25,25,36,0,0,1,1,0
2011,VR Aaron,4,1,6,6*,-,11,54.54,0,0,0,1,0
2011,A Mishra,5,2,5,5*,5,15,33.33,0,0,1,0,0
2011,IK Pathan,1,1,4,4,4,10,40,0,0,0,0,0
2011,I Sharma,2,2,0,0,0,5,0,0,0,2,0,0
2012,V Kohli,17,17,1026,183,68.4,1094,93.78,5,3,1,92,5
2012,G Gambhir,16,16,685,102,42.81,836,81.93,2,5,2,55,0
2012,MS Dhoni,16,14,524,113*,65.5,598,87.62,1,3,0,37,9
2012,SK Raina,17,17,492,65*,41,508,96.85,0,4,1,36,10
2012,SR Tendulkar,10,10,315,114,31.5,387,81.39,1,1,0,35,2
2012,V Sehwag,10,10,217,96,21.7,216,100.46,0,1,1,30,1
2012,IK Pathan,12,8,172,47,34.4,170,101.17,0,0,0,15,4
2012,RG Sharma,14,13,168,68,12.92,251,66.93,0,1,3,12,2
2012,R Ashwin,16,10,135,31*,27,158,85.44,0,0,0,11,0
2012,RA Jadeja,10,8,105,24*,17.5,146,71.91,0,0,0,4,0
2012,MK Tiwary,2,2,86,65,43,106,81.13,0,1,0,8,0
2012,R Vinay Kumar,7,4,19,12*,6.33,33,57.57,0,0,1,1,0
2012,P Kumar,7,2,16,15,8,21,76.19,0,0,0,2,0
2012,Z Khan,9,2,11,9,5.5,15,73.33,0,0,0,2,0
2012,AM Rahane,1,1,9,9,9,17,52.94,0,0,0,1,0
2012,UT Yadav,8,5,6,6*,-,14,42.85,0,0,0,1,0
2012,PP Ojha,2,1,5,5,5,18,27.77,0,0,0,0,0
2012,PA Patel,1,1,4,4,4,7,57.14,0,0,0,0,0
2012,Yuvraj Singh,1,1,2,2,2,3,66.66,0,0,0,0,0
2012,R Sharma,2,1,1,1,1,2,50,0,0,0,0,0
2013,V Kohli,34,30,1268,115*,52.83,1300,97.53,4,7,3,137,20
2013,RG Sharma,28,27,1196,209,52,1480,80.81,2,8,0,119,30
2013,S Dhawan,26,25,1162,119,50.52,1187,97.89,5,4,1,146,9
2013,SK Raina,34,27,770,89*,35,911,84.52,0,5,2,66,10
2013,MS Dhoni,26,20,753,139*,62.75,784,96.04,1,5,1,67,24
2013,RA Jadeja,34,21,462,61*,35.53,571,80.91,0,1,0,39,13
2013,Yuvraj Singh,18,15,276,61,19.71,352,78.4,0,2,4,35,4
2013,KD Karthik,15,12,255,69,31.87,362,70.44,0,2,0,27,2
2013,R Ashwin,29,16,167,28,12.84,207,80.67,0,0,2,17,2
2013,G Gambhir,7,7,153,52,21.85,228,67.1,0,1,0,21,0
2013,AM Rahane,6,6,113,50,18.83,169,66.86,0,1,1,12,1
2013,AT Rayudu,4,3,101,63*,50.5,163,61.96,0,1,0,6,0
2013,B Kumar,25,12,94,31,13.42,129,72.86,0,0,3,10,1
2013,M Vijay,3,2,57,30,28.5,64,89.06,0,0,0,7,0
2013,R Vinay Kumar,9,4,43,27*,14.33,48,89.58,0,0,1,3,2
2013,V Sehwag,1,1,31,31,31,43,72.09,0,0,0,3,0
2013,I Sharma,22,9,19,7*,6.33,51,37.25,0,0,0,2,0
2013,Mohammed Shami,20,6,15,8,3.75,31,48.38,0,0,2,0,1
2013,CA Pujara,2,2,13,13,6.5,28,46.42,0,0,1,2,0
2013,A Mishra,6,1,9,9,9,7,128.57,0,0,0,1,0
2013,AB Dinda,2,2,3,3,1.5,6,50,0,0,1,0,0
2013,UT Yadav,11,2,1,1,0.5,11,9.09,0,0,1,0,0
2013,MM Sharma,5,1,0,0*,-,5,0,0,0,0,0,0
2014,V Kohli,21,20,1054,139*,58.55,1058,99.62,4,5,1,94,20
2014,S Dhawan,18,18,815,113,47.94,942,86.51,1,6,0,90,14
2014,AM Rahane,24,24,768,111,32,945,81.26,2,4,2,82,10
2014,AT Rayudu,20,18,584,121*,44.92,727,80.33,1,4,0,49,11
2014,RG Sharma,12,12,578,264,52.54,613,94.29,1,3,0,58,22
2014,SK Raina,17,16,539,100,38.5,470,114.68,1,3,1,53,16
2014,MS Dhoni,12,10,418,79*,52.25,454,92.07,0,5,0,32,11
2014,RA Jadeja,17,14,369,87,61.5,335,110.14,0,4,1,30,13
2014,R Ashwin,17,10,147,65,16.33,122,120.49,0,1,1,18,2
2014,RV Uthappa,5,5,104,50,26,118,88.13,0,1,0,9,3
2014,B Kumar,16,8,62,20,7.75,65,95.38,0,0,1,6,0
2014,Mohammed Shami,16,9,58,19,14.5,57,101.75,0,0,2,3,4
2014,KD Karthik,4,4,50,23,25,78,64.1,0,0,0,5,0
2014,STR Binny,6,4,40,25*,13.33,63,63.49,0,0,1,6,0
2014,AR Patel,9,4,40,17*,20,26,153.84,0,0,0,4,2
2014,CA Pujara,3,3,38,27,12.66,102,37.25,0,0,1,2,0
2014,WP Saha,6,4,37,16,18.5,51,72.54,0,0,0,5,0
2014,KM Jadhav,1,1,20,20,20,24,83.33,0,0,0,3,0
2014,UT Yadav,10,3,17,17,17,17,100,0,0,0,2,1
2014,MM Sharma,6,3,13,8,6.5,30,43.33,0,0,0,2,0
2014,A Mishra,6,3,10,5,5,30,33.33,0,0,0,1,0
2014,I Sharma,5,2,6,5,6,11,54.54,0,0,0,0,0
2014,MK Tiwary,1,1,2,2,2,6,33.33,0,0,0,0,0
2014,VR Aaron,5,2,2,2*,2,4,50,0,0,1,0,0
2015,RG Sharma,17,17,815,150,50.93,854,95.43,3,4,2,75,23
2015,S Dhawan,20,20,745,137,37.25,872,85.43,2,4,0,91,9
2015,AM Rahane,21,20,722,87,40.11,907,79.6,0,6,1,67,8
2015,MS Dhoni,20,17,640,92*,45.71,737,86.83,0,4,0,50,11
2015,V Kohli,20,20,623,138,36.64,773,80.59,2,1,0,44,8
2015,SK Raina,20,17,517,110*,32.31,520,99.42,1,4,2,42,14
2015,AT Rayudu,7,7,267,124*,44.5,329,81.15,1,0,1,23,2
2015,STR Binny,8,7,190,77,38,183,103.82,0,1,0,17,5
2015,KM Jadhav,3,3,126,105*,63,113,111.5,1,0,0,14,1
2015,RA Jadeja,12,8,113,32,16.14,136,83.08,0,0,0,11,0
2015,M Vijay,3,3,86,72,28.66,125,68.8,0,1,0,3,2
2015,MK Pandey,1,1,71,71,71,86,82.55,0,1,0,4,1
2015,AR Patel,13,11,51,15*,7.28,69,73.91,0,0,3,0,3
2015,B Kumar,13,9,49,25*,8.16,79,62.02,0,0,2,3,1
2015,R Ashwin,13,8,48,16*,16,85,56.47,0,0,1,0,0
2015,Harbhajan Singh,7,5,47,22,15.66,48,97.91,0,0,2,3,1
2015,RV Uthappa,3,3,44,31,14.66,58,75.86,0,0,1,4,0
2015,Mohammed Shami,11,6,36,25,18,37,97.29,0,0,0,4,1
2015,MK Tiwary,3,3,34,22,11.33,73,46.57,0,0,0,0,1
2015,MM Sharma,15,5,18,11,9,31,58.06,0,0,1,3,0
2015,UT Yadav,14,4,6,4,2,19,31.57,0,0,1,1,0
2015,A Mishra,4,2,4,4,4,7,57.14,0,0,0,1,0
2015,DS Kulkarni,4,1,2,2*,-,2,100,0,0,0,0,0
2016,V Kohli,10,10,739,154*,92.37,739,100,3,4,0,62,8
2016,RG Sharma,10,10,564,171*,62.66,592,95.27,2,2,0,46,19
2016,S Dhawan,5,5,287,126,57.4,286,100.34,1,2,0,32,5
2016,AM Rahane,9,8,284,89,35.5,340,83.52,0,3,0,26,5
2016,MS Dhoni,13,10,278,80,27.8,347,80.11,0,1,1,18,9
2016,KL Rahul,3,3,196,100*,196,235,83.4,1,1,0,15,3
2016,MK Pandey,11,8,190,104*,38,185,102.7,1,0,1,16,2
2016,AT Rayudu,3,2,103,62*,-,164,62.8,0,1,0,12,0
2016,KM Jadhav,8,4,90,41,45,87,103.44,0,0,1,6,3
2016,AR Patel,8,3,79,38,26.33,80,98.75,0,0,0,4,3
2016,FY Fazal,1,1,55,55*,-,61,90.16,0,1,0,7,1
2016,KK Nair,2,2,46,39,23,88,52.27,0,0,0,6,0
2016,HH Pandya,4,2,45,36,22.5,45,100,0,0,0,3,0
2016,RA Jadeja,5,4,45,24*,45,42,107.14,0,0,0,2,0
2016,UT Yadav,10,4,27,18*,13.5,46,58.69,0,0,0,1,0
2016,DS Kulkarni,4,1,25,25*,-,26,96.15,0,0,0,2,1
2016,A Mishra,5,2,15,14,7.5,20,75,0,0,0,1,0
2016,Gurkeerat Singh,3,3,13,8,6.5,13,100,0,0,0,2,0
2016,R Dhawan,3,2,12,9,12,13,92.3,0,0,0,1,0
2016,B Kumar,2,1,2,2,2,6,33.33,0,0,0,0,0
2016,R Ashwin,2,1,1,1,1,2,50,0,0,0,0,0
2016,J Yadav,1,1,1,1*,-,1,100,0,0,0,0,0
2016,JJ Bumrah,8,1,0,0,0,1,0,0,0,1,0,0
2016,I Sharma,4,1,0,0,0,3,0,0,0,1,0,0
2017,V Kohli,26,26,1460,131,76.84,1473,99.11,6,7,2,136,22
2017,RG Sharma,21,21,1293,208*,71.83,1300,99.46,6,5,1,116,46
2017,S Dhawan,22,22,960,132*,48,947,101.37,3,6,1,124,14
2017,MS Dhoni,29,22,788,134,60.61,930,84.73,1,6,0,60,19
2017,AM Rahane,12,12,586,103,48.83,754,77.71,1,7,0,63,4
2017,KM Jadhav,25,18,561,120,40.07,505,111.08,1,3,1,62,11
2017,HH Pandya,28,19,557,83,34.81,462,120.56,0,4,1,35,30
2017,Yuvraj Singh,11,10,372,150,41.33,377,98.67,1,1,0,46,7
2017,KD Karthik,8,7,183,64*,61,262,69.84,0,2,1,16,0
2017,MK Pandey,10,8,171,50*,34.2,193,88.6,0,1,1,17,1
2017,SS Iyer,3,3,162,88,54,160,101.25,0,2,0,18,3
2017,B Kumar,24,7,132,53*,44,172,76.74,0,1,1,12,3
2017,RA Jadeja,10,6,65,16*,16.25,66,98.48,0,0,0,6,1
2017,KL Rahul,7,6,52,17,8.66,72,72.22,0,0,0,5,1
2017,Kuldeep Yadav,14,5,21,19,10.5,33,63.63,0,0,1,4,0
2017,R Ashwin,9,3,17,15*,8.5,16,106.25,0,0,0,0,1
2017,AR Patel,8,2,11,6,5.5,15,73.33,0,0,0,0,0
2017,JJ Bumrah,23,4,11,10*,5.5,30,36.66,0,0,1,2,0
2017,Mohammed Shami,3,2,7,6*,7,8,87.5,0,0,0,1,0
2017,UT Yadav,9,2,2,2*,2,3,66.66,0,0,1,0,0
2017,YS Chahal,14,2,1,1,1,11,9.09,0,0,0,0,0
2018,V Kohli,14,14,1202,160*,133.55,1172,102.55,6,3,0,123,13
2018,RG Sharma,19,19,1030,162,73.57,1029,100.09,5,3,1,104,39
2018,S Dhawan,19,19,897,127,49.83,877,102.28,3,2,0,127,11
2018,AT Rayudu,11,10,392,100,56,432,90.74,1,3,0,31,11
2018,MS Dhoni,20,13,275,42*,25,385,71.42,0,0,1,19,2
2018,KD Karthik,7,6,167,44,41.75,227,73.56,0,0,0,13,2
2018,AM Rahane,6,5,140,79,35,182,76.92,0,1,0,9,2
2018,B Kumar,14,7,101,21,20.2,147,68.7,0,0,0,6,1
2018,KM Jadhav,11,5,87,28*,43.5,90,96.66,0,0,0,6,2
2018,KL Rahul,3,3,69,60,34.5,86,80.23,0,1,1,5,1
2018,RA Jadeja,8,4,68,25,22.66,85,80,0,0,0,3,0
2018,HH Pandya,10,6,68,21,13.6,78,87.17,0,0,1,4,1
2018,SS Iyer,3,2,48,30,24,58,82.75,0,0,0,4,0
2018,SK Raina,3,2,47,46,23.5,67,70.14,0,0,0,1,0
2018,RR Pant,3,2,41,24,20.5,31,132.25,0,0,0,5,1
2018,Kuldeep Yadav,19,7,39,15*,39,67,58.2,0,0,0,1,0
2018,SN Thakur,3,2,22,22*,22,16,137.5,0,0,1,0,2
2018,YS Chahal,17,2,15,12,7.5,17,88.23,0,0,0,2,0
2018,DL Chahar,1,1,12,12,12,14,85.71,0,0,0,1,0
2018,MK Pandey,1,1,8,8,8,15,53.33,0,0,0,0,0
2018,KK Ahmed,6,2,4,3,4,12,33.33,0,0,0,0,0
2018,S Kaul,3,2,1,1,0.5,3,33.33,0,0,1,0,0
2018,JJ Bumrah,13,1,0,0,0,3,0,0,0,1,0,0
2018,Mohammed Shami,2,1,0,0*,-,1,0,0,0,0,0,0
2018,UT Yadav,4,1,0,0,0,2,0,0,0,1,0,0
2019,RG Sharma,28,27,1490,159,57.3,1657,89.92,7,6,1,146,36
2019,V Kohli,26,25,1377,123,59.86,1429,96.36,5,7,1,133,8
2019,MS Dhoni,18,16,600,87*,60,729,82.3,0,6,1,42,11
2019,S Dhawan,18,17,583,143,36.43,635,91.81,2,2,2,74,4
2019,KL Rahul,13,13,572,111,47.66,705,81.13,2,3,1,49,9
2019,KM Jadhav,23,19,470,81*,42.72,506,92.88,0,3,0,46,6
2019,RR Pant,12,11,305,71,27.72,297,102.69,0,1,1,33,8
2019,HH Pandya,12,11,287,48,31.88,243,118.1,0,0,1,27,9
2019,SS Iyer,6,5,266,71,53.2,236,112.71,0,4,0,17,11
2019,AT Rayudu,10,10,247,90,30.87,328,75.3,0,1,2,24,6
2019,V Shankar,12,8,223,46,31.85,246,90.65,0,0,0,20,4
2019,RA Jadeja,15,9,206,77,34.33,214,96.26,0,1,1,11,5
2019,KD Karthik,8,6,89,38*,22.25,110,80.9,0,0,1,9,1
2019,B Kumar,19,8,86,46,12.28,105,81.9,0,0,1,7,2
2019,Kuldeep Yadav,23,8,41,15,8.2,73,56.16,0,0,0,3,0
2019,YS Chahal,16,4,23,18*,11.5,44,52.27,0,0,1,4,0
2019,Mohammed Shami,21,10,20,8,2.85,30,66.66,0,0,1,2,0
2019,SN Thakur,2,1,17,17*,-,6,283.33,0,0,0,2,1
2019,Shubman Gill,2,2,16,9,8,32,50,0,0,0,2,0
2019,S Dube,1,1,9,9,9,6,150,0,0,0,1,0
2019,JJ Bumrah,14,7,8,6*,8,9,88.88,0,0,1,0,1
2019,DL Chahar,2,1,6,6*,-,8,75,0,0,0,0,0
2019,KK Ahmed,5,1,5,5,5,5,100,0,0,0,1,0
