Country Name,Country Code,Series Name,YR1999,YR2000,YR2001,YR2002,YR2003,YR2004,YR2005,YR2006,YR2007,YR2008,YR2009,YR2010,YR2011,YR2012,YR2013,YR2014,YR2015,YR2016,YR2017,YR2018
Afghanistan,AFG,GDP growth (annual %),,,,,8.832277804,1.41411798,11.22971484,5.357403248,13.82631954,3.924983823,21.39052841,14.36244146,0.426354793,12.75228708,5.600744661,2.724543365,1.451314655,2.260314205,2.665292046,1.030660058
Albania,ALB,GDP growth (annual %),12.88989673,6.950036134,8.290070027,4.53996064,5.530050778,5.509998693,5.529914809,5.900083957,5.979982036,7.49996956,3.349993901,3.706880684,2.545405394,1.417525992,1.001987926,1.770000297,2.230000179,3.349999688,3.836619656,4.004413234
Algeria,DZA,GDP growth (annual %),3.200001551,3.819678496,3.008395466,5.60932319,7.201872244,4.301624264,5.907791268,1.684488319,3.372875154,2.360134861,1.632243838,3.634145353,2.891865995,3.374768651,2.767638867,3.789121212,3.763466958,3.3,1.600000001,2.1
American Samoa,ASM,GDP growth (annual %),,,,,0.814111262,0.538358008,-0.401606426,-4.166666667,1.963534362,-2.613480055,-4.237288136,0.442477876,0.293685756,-4.39238653,-2.756508423,0.94488189,1.248049922,-2.619414484,-5.379746835,
Andorra,AND,GDP growth (annual %),4.099080837,3.528361297,4.54676832,6.471014671,12.16871989,7.64786979,7.396982715,4.536353119,0.040011067,-8.590003787,-3.69065351,-5.358825775,-4.646543052,-1.615218183,0.351645002,2.277683153,0.842203518,1.889124387,1.724022237,1.629345471
Angola,AGO,GDP growth (annual %),2.181489718,3.054624234,4.205998556,13.66568652,2.98985001,10.95286177,15.02891532,11.54768318,14.01001824,11.16613833,0.858712615,4.859219584,3.471981372,8.542147337,4.954590478,4.822625549,0.943575613,-2.58009724,-0.147207426,-2.133493257
Antigua and Barbuda,ATG,GDP growth (annual %),3.707894618,6.691742382,-4.954074711,1.024100862,6.05790855,5.736460188,6.412405164,12.72850745,9.25942056,-0.030133268,-12.10753619,-7.200024461,-2.079127047,3.506609222,-0.103864693,4.658127431,4.025736808,5.589740804,3.032606112,4.930650909
Arab World,ARB,GDP growth (annual %),1.796395127,5.480192454,1.613617186,0.586325148,5.319753855,9.343619276,5.716351856,6.49629421,4.571479063,5.819174968,0.428316836,4.77207865,3.629086449,6.656678452,3.166151438,2.455200528,3.307618148,3.247325157,0.999881845,2.096746772
Argentina,ARG,GDP growth (annual %),-3.385457041,-0.788998939,-4.408839683,-10.89448483,8.837040796,9.029573301,8.85165992,8.0471515,9.007650875,4.057233103,-5.918525076,10.12539816,6.003951693,-1.026420454,2.405323781,-2.512615321,2.731159828,-2.080327844,2.668590379,-2.514589602
Armenia,ARM,GDP growth (annual %),3.300000002,5.900000001,9.5566415,13.18630053,14.04079506,10.46784186,13.86571125,13.19800352,13.74920196,6.900000002,-14.14998864,2.199999998,4.699999999,7.200000004,3.3,3.600000001,3.199999999,0.2,7.500000001,5.2
Aruba,ABW,GDP growth (annual %),1.238039283,7.616589704,-2.971256987,-3.273646887,1.975547287,7.911564672,1.214348832,1.050606636,1.800225854,-0.090707754,-10.51974761,-3.685029581,3.44605475,-1.369863014,4.198232323,0.84822781,-0.450585761,-0.211225106,1.330511037,
Australia,AUS,GDP growth (annual %),5.073663451,3.933102332,1.930816338,4.001431121,2.985959849,4.055503124,3.204198796,2.794529221,3.844300542,3.657943717,1.936905392,2.067520093,2.462724647,3.900900023,2.615722477,2.568707043,2.336075481,2.846754951,2.342582287,2.834948133
Austria,AUT,GDP growth (annual %),3.556330241,3.375721973,1.267170469,1.651549407,0.941473312,2.735118518,2.244066812,3.454041032,3.727415176,1.460425193,-3.764580483,1.837094592,2.922797636,0.680444374,0.025504101,0.661274653,1.142980101,2.039574983,2.55088076,2.729083099
Azerbaijan,AZE,GDP growth (annual %),7.400000582,11.09999925,9.9,9.438916342,10.20830001,9.253801326,27.96153807,34.46620936,25.46321591,10.59143729,9.369502784,4.78883271,-1.572997621,2.202939023,5.84267327,2.797289382,1.050750982,-3.064200035,-0.282011197,1.412873527
"Bahamas, The",BHS,GDP growth (annual %),7.144114758,4.149243017,2.625684058,2.704561615,-1.264720771,0.88283993,3.395355597,2.516849119,1.446544635,-2.323966973,-4.175260401,1.538777407,0.612897452,3.08668686,-0.410428618,-0.147988573,1.044959524,-1.689549856,1.437191339,
Bahrain,BHR,GDP growth (annual %),4.29999896,5.299994794,2.491033565,3.614148289,6.023951196,6.980946984,6.768939709,6.468567672,8.292443822,6.245128341,2.539772469,4.334407088,1.983823256,3.732251521,5.416503715,4.34984233,2.861967825,3.470923702,3.803522262,1.777693753
Bangladesh,BGD,GDP growth (annual %),4.670156368,5.293294718,5.077287776,3.83312394,4.739567399,5.23953291,6.535944941,6.671904981,7.058599357,6.013789759,5.045124794,5.571802274,6.46438388,6.521435078,6.013610365,6.061059359,6.552652796,7.113489474,7.284184092,7.863708893
Barbados,BRB,GDP growth (annual %),0.325869862,4.453059514,-2.377369847,0.801479655,2.161060143,1.406904809,3.975204172,5.668590896,1.764284435,0.1232069,-3.972927837,0.265446224,0.657294139,0.281153637,0.009044044,0.018086453,0.904159132,2.007168459,1,
Belarus,BLR,GDP growth (annual %),3.399999163,5.80000344,4.725305994,5.04526748,7.043192559,11.44974311,9.400001524,9.999994812,8.600006536,10.19999944,0.19999531,7.798266823,5.37870745,1.687135536,1.003470841,1.726384854,-3.829570558,-2.526446436,2.5321835,3.04990555
Belgium,BEL,GDP growth (annual %),3.563336505,3.633635802,0.811553674,1.780495544,0.774406593,3.63485312,2.094265657,2.506140238,3.448976401,0.783158196,-2.253171548,2.744231083,1.79830622,0.234778701,0.200661828,1.254676984,1.739580448,1.452552224,1.734389656,1.437834676
Belize,BLZ,GDP growth (annual %),8.778999567,13.01957737,5.015584881,5.119885055,9.327951335,4.648087296,2.578008809,4.58160037,1.105586127,3.228855669,0.670801477,3.383471706,2.162606822,2.937812628,0.851934628,3.692371465,3.431950484,-0.58802365,1.437288946,3.049643797
Benin,BEN,GDP growth (annual %),5.341449372,5.859992101,5.330410857,4.644470026,3.444044849,4.429629024,1.711577628,3.947013747,5.986515522,4.889898637,2.32930121,2.110199297,2.962750351,4.816478241,7.189716312,6.351831941,2.095808383,3.96485991,5.837823305,6.858002271
Bermuda,BMU,GDP growth (annual %),3.382648714,9.317155577,7.222436009,-1.477790375,3.410706204,2.321266476,1.674207149,5.543865928,2.845890114,1.52789391,-5.284177149,-2.094113534,-3.33949441,-4.834540171,-2.511154431,,,,,
Bhutan,BTN,GDP growth (annual %),7.983972022,6.93302424,8.203773861,10.72784061,7.664334042,5.896408192,7.12255965,6.849365932,17.92582494,4.768354226,6.657223796,11.73085436,7.890913893,5.071709815,2.142496554,5.745455168,6.644564258,8.022101221,4.629101391,2.290648193
Bolivia,BOL,GDP growth (annual %),0.426889577,2.507807553,1.683800939,2.485564847,2.711340707,4.173294318,4.421434767,4.797009171,4.564382752,6.148497195,3.357001259,4.126719369,5.204095947,5.122274661,6.796011706,5.460567154,4.857188015,4.263919504,4.195209367,4.223624932
Bosnia and Herzegovina,BIH,GDP growth (annual %),9.599999795,5.500000436,4.399999507,5.300000267,4.000000065,6.09996678,8.7592567,5.417269684,5.855584939,5.4267266,-3.002752537,0.872151023,0.958953088,-0.821729266,2.351034014,1.148038011,3.088223761,3.145658092,3.163559487,3.066134848
Botswana,BWA,GDP growth (annual %),9.667240742,1.987695854,0.250573867,6.069530868,4.625894792,2.705821737,4.556645657,8.363871069,8.276763793,6.245437363,-7.652310203,8.563631748,6.048316367,4.456167213,11.34342425,4.149289893,-1.697965616,4.303773353,2.90753491,4.453559601
Brazil,BRA,GDP growth (annual %),0.467937567,4.387949443,1.389896403,3.053461858,1.140828998,5.759964639,3.20213138,3.961988722,6.069870608,5.094195447,-0.125811999,7.52822583,3.974423079,1.921175986,3.004822669,0.50395574,-3.545763393,-3.305454313,1.063861259,1.11757918
British Virgin Islands,VGB,GDP growth (annual %),,,,,,,,,,,,,,,,,,,,
Brunei Darussalam,BRN,GDP growth (annual %),3.052157142,2.849421858,2.744040518,3.872096967,2.903955477,0.504318253,0.387507208,4.397719678,0.154581812,-1.939714638,-1.764535541,2.598965746,3.745318352,0.912841671,-2.126028517,-2.34974675,-0.566814609,-2.465514923,1.328751422,0.052346673
Bulgaria,BGR,GDP growth (annual %),-8.408134389,4.765771064,3.770217793,5.9375164,5.156218443,6.435358323,7.123511076,6.874358379,7.344421909,6.021883402,-3.586145625,1.324087801,1.914905853,0.030969869,0.493921421,1.837521148,3.471186041,3.936758149,3.811248158,3.081157234
Burkina Faso,BFA,GDP growth (annual %),7.404178966,1.820241893,6.613399555,4.353004323,7.802439898,4.478474349,8.661861605,6.253158604,5.655005118,7.29449815,2.962014371,5.373373126,6.626865192,6.452698755,5.792589317,4.326837357,3.894548057,5.934135105,6.302096059,6.50980304
Burundi,BDI,GDP growth (annual %),-1.009999996,-0.856864058,2.055807108,4.446519412,-1.22372796,4.833657768,0.900000001,5.413807145,3.45195249,4.861712995,3.812746937,5.124163303,4.032602496,4.446708222,4.924195261,4.240651644,-3.900003086,-0.600020001,0.500009999,1.599976614
Cabo Verde,CPV,GDP growth (annual %),11.22264853,14.28486883,2.231654493,5.250891246,4.176259302,10.19707261,6.912457988,7.983750447,15.17068797,6.650520523,-1.270425968,1.466790097,3.968886345,1.081918279,0.802797601,0.611212666,1.006863707,4.705791509,4.013257244,5.520564475
Cambodia,KHM,GDP growth (annual %),12.70538113,10.7119948,7.446606976,6.578939503,8.505895557,10.34052878,13.25008691,10.77108367,10.21257391,6.691577475,0.086696959,5.963078575,7.069569946,7.313345505,7.356665149,7.142571101,7.036087179,7.030966776,7.01503011,7.520444426
Cameroon,CMR,GDP growth (annual %),4.292016945,3.553374364,4.368084242,4.237203677,4.567195256,6.780955924,2.020662307,3.457668793,4.902201732,3.488800919,2.198664102,3.422507641,4.129277161,4.543265016,5.40426571,5.884059327,5.651463744,4.648481551,3.549087318,3.859896996
Canada,CAN,GDP growth (annual %),5.162467865,5.182585378,1.771278065,3.009995251,1.801783965,3.086197262,3.20119986,2.623561174,2.062411488,1.001059411,-2.949450662,3.082591592,3.141950887,1.753890418,2.319882289,2.858996461,0.674305601,1.100471479,2.985033351,1.878588928
Caribbean small states,CSS,GDP growth (annual %),4.098605216,3.819918519,2.028458659,3.658756126,5.753417893,3.970285602,3.719484518,6.811306817,3.230510559,1.238771436,-3.558519175,1.462283047,1.118179596,1.323901351,1.220144689,0.330079321,1.168251237,-2.050513936,0.294576117,1.638643838
Cayman Islands,CYM,GDP growth (annual %),3.39999787,0.999997811,0.600000637,1.700001284,2.000000664,0.900000065,6.499998003,4.600001948,3.162625338,-0.357401373,-7.200482782,-2.715636823,1.169062695,1.229753683,1.279330593,2.654529322,2.833122427,3.096282407,3.039347467,
Central African Republic,CAF,GDP growth (annual %),3.599974904,-2.48943244,4.464739026,3.616542192,-5.397485219,5.994884228,0.908210515,4.77108543,4.607534855,2.054130962,8.587260426,4.630818432,4.194615337,5.053761254,-36.03742608,0.117267103,4.56280844,5.006285824,4.457283162,4.340609983
Central Europe and the Baltics,CEB,GDP growth (annual %),1.968065492,4.042580275,2.999443206,3.52399973,4.048613539,5.81578323,4.991550266,6.565177621,6.440984763,3.890738595,-3.450058197,1.556048138,3.206921858,0.74300415,1.337720587,3.048592204,3.830079284,3.141229893,4.720690224,4.301360947
Chad,TCD,GDP growth (annual %),-0.682850217,-0.879681025,11.65813465,8.491209819,14.72166701,33.62937185,17.33253374,0.648262014,3.271499579,3.052691532,4.217695552,13.55010086,0.082869798,8.882576072,5.700001363,6.899985045,2.767675685,-6.255527085,-2.988695986,2.641330034
Channel Islands,CHI,GDP growth (annual %),3.770263675,5.826641469,-1.51296126,-1.632206598,-3.202156942,0.224197396,1.377734157,4.882299364,5.898329661,,,,,,,,,,,
Chile,CHL,GDP growth (annual %),-0.412096167,5.326938419,3.303047313,3.106970532,4.091047685,7.209539709,5.742830489,6.317176343,4.905324504,3.529530553,-1.564239443,5.844177296,6.110918829,5.318628,4.045004298,1.766739784,2.303767036,1.670540173,1.279183341,4.024652965
China,CHN,GDP growth (annual %),7.667486171,8.491508492,8.33991055,9.130645945,10.03560303,10.11122346,11.39577594,12.71947902,14.23138804,9.654289373,9.399813171,10.63614046,9.55091409,7.859627493,7.768615284,7.299518921,6.90531667,6.736675253,6.757007611,6.6
Colombia,COL,GDP growth (annual %),-4.204015244,2.924861483,1.677898308,2.503980466,3.918271904,5.333022067,4.706555914,6.779405439,6.848654785,3.257048465,1.205422095,4.347553268,7.362530914,3.903054219,4.566869773,4.728312246,2.955945907,2.087382502,1.351326676,2.658121
Comoros,COM,GDP growth (annual %),1.924408712,10.84787862,2.332907102,2.324944861,2.103871636,1.919659807,2.83754787,2.646955476,0.800042349,3.999971991,3.200113112,3.799933455,4.099846955,3.200272903,4.499874215,2.100006438,1.099964632,2.188197456,2.707658829,2.8
"Congo, Dem. Rep.",COD,GDP growth (annual %),-4.270140831,-6.910927317,-2.100173025,2.947765184,5.577822311,6.738373933,6.135151155,5.320979565,6.259477765,6.225894269,2.85506401,7.107976576,6.87467089,7.086898947,8.481956636,9.470288098,6.91618781,2.399379098,3.726947653,5.757932738
"Congo, Rep.",COG,GDP growth (annual %),-2.582199357,7.575980392,3.8026019,4.581870061,0.813264075,3.476631623,7.755758978,6.235997013,-1.58222275,5.572233235,7.468942484,8.751601459,3.420665681,3.799971313,3.440705249,6.779916158,2.646485877,-2.800018788,-3.1,1.025554207
Costa Rica,CRI,GDP growth (annual %),3.943353587,3.833166661,3.490469522,3.291753162,4.255476839,4.33657481,3.870873326,7.237732746,8.16789615,4.649598233,-0.970548313,4.951863844,4.30710166,4.796919918,2.269027401,3.515338564,3.631731441,4.245989878,3.397181701,2.664049844
Cote d'Ivoire,CIV,GDP growth (annual %),1.617527443,-2.068400057,0.121371915,-1.667642138,-1.359535943,1.23177284,1.721247367,1.515842364,1.765036784,2.542841476,3.251453719,2.017638592,-4.387254788,10.7065041,8.889421302,8.79407739,8.84285995,7.971751186,7.702089422,7.433071625
Croatia,HRV,GDP growth (annual %),-0.935499973,3.772605557,3.452407168,5.253363504,5.581186828,3.914556742,4.109564989,4.86781746,5.283652489,2.036460603,-7.291430906,-1.472916296,-0.340190378,-2.300642858,-0.491748791,-0.087513347,2.400591879,3.536129557,2.921363374,2.629826089
Cuba,CUB,GDP growth (annual %),6.188755304,5.914760174,3.185029904,1.424821261,3.792740223,5.77053807,11.20165642,12.06586311,7.262136966,4.116828042,1.451305431,2.390352297,2.802300836,3.014900289,2.747602563,1.047576632,4.438141959,0.513761468,1.783497627,
Curacao,CUW,GDP growth (annual %),,,-0.695753617,0.397066258,0.288185532,0.208461389,0.67642576,1.635934828,2.469960422,2.188046412,-0.531309939,0.082305218,0.612609896,-0.138918185,-0.794106979,-1.138837929,0.278695607,-0.986570598,-1.739764784,
Cyprus,CYP,GDP growth (annual %),4.997943315,5.965317744,3.95253497,3.722934432,2.623271336,5.026348,4.852991308,4.713822102,5.098036578,3.646776516,-2.015241129,1.335403498,0.403429932,-2.878099556,-5.799304664,-1.311465423,1.96230401,4.812187624,4.468879044,3.875984867
Czech Republic,CZE,GDP growth (annual %),1.432839479,4.266741357,2.908764882,1.652494055,3.602989459,4.906563764,6.533468806,6.853522334,5.602643685,2.682282724,-4.802572091,2.273420052,1.777833187,-0.799844281,-0.483671041,2.715116132,5.309238519,2.450542387,4.352603518,2.892972506
Denmark,DNK,GDP growth (annual %),2.948007099,3.746900212,0.8231493,0.466344928,0.390073865,2.668193459,2.336664491,3.912980152,0.909252996,-0.512025222,-4.906525558,1.870992639,1.336774667,0.226468476,0.933349282,1.619374971,2.342620274,2.39968219,2.262366309,1.421079419
Djibouti,DJI,GDP growth (annual %),,,,,,,,,,,,,,,,8.920584625,9.683798116,8.722260061,4.090263628,5.9553679
Dominica,DMA,GDP growth (annual %),0.354780288,2.339507407,-0.06280226,-2.828878531,6.353391594,3.050694695,0.65623311,4.658759483,6.353759422,7.120741901,-1.169757154,0.672543298,-0.223681462,-1.058782938,-0.60769227,4.388896102,-2.55050302,2.522050874,-9.530409524,0.532740632
Dominican Republic,DOM,GDP growth (annual %),5.940049136,4.66176228,2.459516368,4.495103403,-1.345706185,2.570134279,9.428236947,9.174355406,7.415951715,3.209504262,0.946155168,8.33965106,3.133423003,2.717367897,4.875205093,7.636031824,7.033371069,6.612208223,4.551815138,6.950743086
Early-demographic dividend,EAR,GDP growth (annual %),1.563929595,4.476628414,0.989609701,1.588351834,4.794443419,6.713665222,6.118428943,6.157794029,5.868382702,3.451290266,0.632749856,6.167965018,4.971648831,4.232380113,4.29850886,4.012383242,4.659415039,4.79283276,4.695149887,4.09981908
East Asia & Pacific,EAS,GDP growth (annual %),2.993055872,4.888734335,2.668526545,3.596741174,4.253620578,5.155292391,5.045837852,5.537470454,6.453761057,3.521939865,1.377005152,7.06145117,4.614682137,4.684398922,4.750226541,4.126602924,4.134023113,4.043006986,4.585208689,4.206874446
East Asia & Pacific (excluding high income),EAP,GDP growth (annual %),6.110552458,7.504679993,6.706466757,7.854773806,8.722407963,8.935489057,9.715112411,10.77303949,12.16029984,8.432599776,7.69447111,9.776601958,8.468535738,7.509146018,7.200882145,6.759320584,6.509708361,6.36845598,6.472427998,6.323923305
East Asia & Pacific (IDA & IBRD countries),TEA,GDP growth (annual %),6.110552458,7.504679993,6.706463364,7.854565802,8.723091159,8.936580694,9.716304285,10.77440098,12.16100887,8.43324815,7.695149679,9.777111914,8.469063535,7.509864609,7.201279803,6.759599155,6.510057128,6.368779578,6.472769264,6.323900351
Ecuador,ECU,GDP growth (annual %),-4.739385791,1.091798885,4.015614102,4.096802873,2.722867345,8.211033029,5.291296789,4.403526526,2.19006602,6.3571306,0.566491592,3.525298669,7.868140919,5.641962067,4.946511267,3.788868549,0.098872608,-1.226383985,2.368386526,1.37712703
"Egypt, Arab Rep.",EGY,GDP growth (annual %),6.053438782,6.370003833,3.53525197,2.390204028,3.193454737,4.092071611,4.471744472,6.843838194,7.087827427,7.156283566,4.6735998,5.147234858,1.764571949,2.226199799,2.185466054,2.91591188,4.372019078,4.346643456,4.181221,5.314121037
El Salvador,SLV,GDP growth (annual %),2.160516675,1.12605705,0.877318892,1.580862265,1.562231082,0.890786052,2.707467768,4.342895377,1.860579145,2.127225069,-2.08339422,2.545755961,3.815257888,2.814487432,2.235637839,1.711269765,2.395029358,2.507458532,2.307938504,2.537631909
Equatorial Guinea,GNQ,GDP growth (annual %),25.66401544,18.21377996,63.37987543,19.46283404,13.95525032,37.99872686,16.74870061,7.704917607,15.28211392,17.79910913,1.343356288,-8.924175889,6.52392363,8.312871844,-4.133198501,0.415066302,-9.110041149,-8.816417232,-4.685683868,-2.949730189
Eritrea,ERI,GDP growth (annual %),0.013480241,-3.141985774,8.75543519,3.005429218,-2.655515842,1.451735534,2.57444953,-0.969216929,1.42682206,-9.783030037,3.87650156,2.194190545,8.679799936,,,,,,,
Estonia,EST,GDP growth (annual %),-0.856448276,10.56807495,6.328710504,6.076394702,7.416163365,6.294746225,9.373711454,10.27188409,7.748192368,-5.41945589,-14.72440391,2.259075894,7.597300209,4.307258988,1.936543444,2.888563845,1.90028659,3.489097111,4.856686856,3.865753581
Eswatini,SWZ,GDP growth (annual %),2.950875211,1.76017376,1.054764906,4.380099088,3.880213586,3.623914226,5.99877655,5.992166838,4.435375577,0.821663914,1.565048852,3.793754968,2.247229761,4.717920611,6.421043807,1.931010027,0.391128861,3.222472416,1.873054342,0.62404407
Ethiopia,ETH,GDP growth (annual %),5.162145821,6.07321748,8.301306321,1.514725706,-2.161359722,13.57260314,11.81876595,10.83472707,11.456167,10.78852169,8.802553198,12.55053835,11.17829623,8.647811633,10.58227005,10.25749296,10.39246302,9.433482658,9.503858571,6.810169391
Euro area,EMU,GDP growth (annual %),2.990510249,3.867011849,2.173779724,1.028573027,0.711073152,2.330114136,1.704974391,3.241467693,3.076427291,0.474207281,-4.503462969,2.078851071,1.634892866,-0.858105212,-0.24750993,1.401978659,2.114215347,1.930350418,2.414248317,1.894936628
Europe & Central Asia,ECS,GDP growth (annual %),2.901538262,4.281375821,2.244542992,1.755584075,1.845114573,3.262098075,2.77453623,3.963019739,3.74087857,1.048003684,-4.462596013,2.561912148,2.369363501,0.314010049,0.894553579,1.866302694,2.042572159,1.927627516,2.652034133,2.1059068
Europe & Central Asia (excluding high income),ECA,GDP growth (annual %),2.055791659,8.011305019,2.607156167,5.480595011,6.642431996,8.396247599,7.199793097,8.228314311,7.68851027,4.414694226,-5.951085118,5.079791293,6.042022837,3.700544161,4.035659955,2.229524875,0.818800416,1.743273871,4.027853444,2.767579039
Europe & Central Asia (IDA & IBRD countries),TEC,GDP growth (annual %),2.360463196,7.416952831,2.431143332,4.992719218,6.199911187,7.870079475,6.657681989,7.90546268,7.562398214,4.350698028,-4.894504066,4.768983254,5.802053662,3.33395495,3.629452483,2.333893504,1.224060232,1.940057312,4.115795466,3.081471401
European Union,EUU,GDP growth (annual %),3.014484999,3.842085366,2.254094015,1.369122175,1.283108983,2.58504745,2.122090104,3.365061464,3.12623638,0.536768932,-4.343015738,2.086414783,1.755444229,-0.396453462,0.257279743,1.784416352,2.349474797,2.027090443,2.482225474,1.998395318
Faroe Islands,FRO,GDP growth (annual %),,,,,,,,,,,,,,,,,,,,
Fiji,FJI,GDP growth (annual %),8.799998029,-1.69999854,1.999999468,3.200000514,0.999998468,5.300000292,0.700000383,1.852483092,-0.850653535,1.032794215,-1.386037485,2.954672074,2.705142971,1.411313661,4.734220415,5.603514517,4.663807838,2.645289584,5.179743526,5
Finland,FIN,GDP growth (annual %),4.444134273,5.634847452,2.580792075,1.680325089,1.993984087,3.926057175,2.779955031,4.055197444,5.184800809,0.720668487,-8.269036558,2.992337502,2.570817745,-1.42618936,-0.758036295,-0.631728091,0.50066201,2.77192552,2.65252953,2.329179201
Fragile and conflict affected situations,FCS,GDP growth (annual %),6.793850087,1.819569842,2.81098458,-0.630153759,-4.77212364,14.03825295,6.668136683,6.791580263,5.508292651,5.506403631,4.618788467,6.563475533,-5.429485081,12.28426765,3.855178878,1.083963208,2.207629639,5.211898644,2.98009593,2.349608255
France,FRA,GDP growth (annual %),3.421373815,3.923669206,1.983721399,1.135531487,0.823160785,2.829752924,1.663219998,2.449323602,2.424736238,0.254945947,-2.87331385,1.949437632,2.192700651,0.313134744,0.576326679,0.956183042,1.112912342,1.095464394,2.260202722,1.724880628
French Polynesia,PYF,GDP growth (annual %),4.000004643,4.000000343,,,,,,,,,,,,,,,,,,
Gabon,GAB,GDP growth (annual %),-8.932622802,-1.882966398,2.135233422,-0.249033169,2.247330012,0.689543058,2.676203333,-2.806578356,6.008108025,-3.308430649,0.13033112,7.089887315,7.091753343,5.251076918,5.638699003,4.314964441,3.878899395,2.091442208,0.479762271,1.221103578
"Gambia, The",GMB,GDP growth (annual %),6.399999239,5.500000033,5.800000478,-3.250000312,6.869999531,7.049999981,-0.941675935,1.124099834,3.631025563,5.734641951,6.449695913,6.526297338,-4.295121768,5.599761323,4.788921891,-0.940235529,5.868247526,0.405596589,4.557731909,6.59999512
Georgia,GEO,GDP growth (annual %),2.869256695,1.838341768,4.805452017,5.473837499,11.05872319,5.794496419,9.58957388,9.419770997,12.57895276,2.418572208,-3.650513994,6.249487789,7.221608905,6.35079784,3.386770836,4.623613264,2.880526546,2.846603299,4.832686291,4.71737338
Germany,DEU,GDP growth (annual %),1.987134949,2.962045368,1.695471452,0,-0.709906172,1.169970413,0.706713948,3.700159572,3.260535297,1.082315404,-5.618860435,4.079933305,3.660000155,0.491992829,0.489584482,2.178066561,1.738967619,2.242235099,2.15710947,1.425303467
Ghana,GHA,GDP growth (annual %),4.399996886,3.70000004,4.000000099,4.499999578,5.200000074,5.599999989,5.900003916,6.399912502,4.346819164,9.149798975,4.844486998,7.899711889,14.04712363,9.292789405,7.312525007,2.89743883,2.1782068,3.447792974,8.143446497,6.263480772
Gibraltar,GIB,GDP growth (annual %),,,,,,,,,,,,,,,,,,,,
Greece,GRC,GDP growth (annual %),3.072596664,3.919770772,4.131612076,3.922871842,5.794531264,5.060992565,0.599142055,5.65243372,3.273746857,-0.335172557,-4.300733667,-5.479037108,-9.132494153,-7.300493935,-3.241425025,0.739777123,-0.437833918,-0.190952277,1.505099308,1.934370821
Greenland,GRL,GDP growth (annual %),1.377884445,7.101596882,1.269035079,-0.971177311,4.430045721,6.906582837,4.987491771,5.555694901,2.352437981,6.166132702,0.865952329,1.735825059,-0.496519392,1.39419336,-1.298280693,4.706469791,-2.529498324,5.955617683,0.987493074,
Grenada,GRD,GDP growth (annual %),6.898362434,4.887952137,-2.023900041,3.43732353,9.463973431,-0.647450316,13.27306387,-3.992680103,6.123450947,0.947542625,-6.613281348,-0.511262754,0.764976824,-1.155143735,2.351418773,7.344076522,6.443143733,3.735614132,5.05921616,4.826983935
Guam,GUM,GDP growth (annual %),,,,,0.920598389,6.431014823,3.535461753,-3.828642384,0.81773187,1.728922092,0.314729333,2.091612633,0.12292563,2.025782689,1.825110309,1.733307071,0.561471442,0.250288795,0.192049165,
Guatemala,GTM,GDP growth (annual %),3.847062161,3.608868745,2.332576319,3.866624362,2.530789948,3.152081835,3.260111043,5.379776769,6.304056515,3.28107984,0.526042983,2.869487756,4.16204894,2.969857401,3.697585601,4.174169137,4.140044358,3.092482558,2.760338484,3.145000458
Guinea,GIN,GDP growth (annual %),3.812004035,2.503060561,3.658346471,5.164609466,1.24860126,2.340117313,2.997272562,1.180140446,6.827474427,4.136616153,-1.117638595,4.820715414,5.612104279,5.916911732,3.934784025,3.707451613,3.81494989,10.82880684,13.36010547,8.659393206
Guinea-Bissau,GNB,GDP growth (annual %),1.025537409,5.426987367,2.188906815,-0.985177525,0.568510176,2.76140199,4.266098931,2.309357998,3.262955456,3.203567307,3.368974958,4.6109709,8.084779734,-1.712683012,3.255904265,0.964560751,6.134082941,6.262805638,5.919176626,3.799999998
Guyana,GUY,GDP growth (annual %),2.960151803,-1.363803907,2.279521674,1.132626964,-0.632225434,1.563352118,-1.95095758,5.129609346,7.019640482,1.976647054,3.552158264,4.138443121,5.196298129,5.276306143,5.000564991,3.846923912,3.162407787,3.316131655,2.080177394,3.442654063
Haiti,HTI,GDP growth (annual %),2.710248002,0.870059257,-1.044374472,-0.251464388,0.363800265,-3.52288825,1.805011319,2.249221435,3.343278665,0.843944574,3.083247861,-5.497792435,5.523738146,2.885095378,4.234053206,2.810148238,1.211218752,1.452706658,1.173279505,1.483883035
Heavily indebted poor countries (HIPC),HPC,GDP growth (annual %),3.049052924,2.735844942,4.28746498,3.520162564,4.501949293,5.545437892,6.079802595,6.164260238,6.546962507,6.055523633,4.270000385,5.864022377,4.522935953,5.715865145,5.773227593,5.568530683,4.921544707,4.634620259,5.168973749,4.103315802
High income,HIC,GDP growth (annual %),3.297846132,4.045817342,1.497856682,1.54038655,2.128222604,3.291515157,2.80435081,3.068904763,2.652292161,0.3898271,-3.328239584,2.93549698,1.847528475,1.28934361,1.435564982,2.03761159,2.326822479,1.702557452,2.256178521,2.196477932
Honduras,HND,GDP growth (annual %),-0.735651085,7.291288159,2.723193273,3.754337861,4.547038052,6.232302961,6.050599222,6.567243552,6.188327167,4.23160011,-2.43162788,3.731140344,3.835690662,4.128687749,2.791559757,3.058080562,3.840079971,3.892972197,4.788026945,3.745584746
"Hong Kong SAR, China",HKG,GDP growth (annual %),2.506628837,7.663485949,0.560836475,1.656602787,3.056281985,8.700084631,7.388178026,7.032586304,6.464794376,2.127898968,-2.459131804,6.767685414,4.814677242,1.700277398,3.101516224,2.762394452,2.387808053,2.176392352,3.838406307,3.02140153
Hungary,HUN,GDP growth (annual %),3.186896354,4.209179931,3.840510445,4.528205916,3.848619662,5.004918024,4.388215174,3.851172967,0.422396462,0.851321308,-6.600993646,0.65529337,1.657657422,-1.631403337,2.093642164,4.224653755,3.536425476,2.28079775,4.137063937,4.940418685
IBRD only,IBD,GDP growth (annual %),3.156848655,5.629640363,3.272663972,4.114025202,5.332630139,7.698500668,6.895195789,7.931218998,8.486029636,5.550999339,2.023361933,7.312169938,5.99836666,5.030347151,4.966815315,4.274226139,3.839885675,4.26922525,4.859708837,4.618216081
Iceland,ISL,GDP growth (annual %),4.043051935,4.891593506,3.898810739,0.681172793,2.268137266,8.042205302,6.330004316,5.248820113,9.365323113,1.991980807,-6.77721505,-3.435878079,1.881619484,1.296436095,4.1338511,2.080287199,4.467860508,7.351475302,4.603781379,4.611476029
IDA & IBRD total,IBT,GDP growth (annual %),3.141159232,5.514869476,3.351657728,4.230412009,5.316803822,7.641313886,6.870326389,7.825352516,8.356831306,5.537171952,2.228295231,7.241099801,5.903518071,5.007227469,5.030355428,4.36554638,3.861304311,4.188881449,4.81794031,4.596628183
IDA blend,IDB,GDP growth (annual %),1.907709269,3.735388262,3.987354151,7.80439999,4.940488251,7.709454685,6.386212681,5.949963953,5.887527856,4.378667425,5.689939021,6.275417131,4.999397446,4.54767959,5.83120443,5.7831753,3.873094127,1.532523269,2.717393058,3.528048478
IDA only,IDX,GDP growth (annual %),4.029079378,3.983375732,5.057390338,3.905712216,5.260049227,5.897433168,6.66011253,6.715787763,7.136337271,6.353793921,4.740310367,6.192775698,4.078561719,4.801059262,6.087236526,5.580686595,4.462011394,4.661955972,5.758166128,5.051882467
IDA total,IDA,GDP growth (annual %),2.915691112,3.854495777,4.504737162,5.909038978,5.094344889,6.835658645,6.517133199,6.316509001,6.487488307,5.333351295,5.220967572,6.234791324,4.546901677,4.671427677,5.956402797,5.68403711,4.161145239,3.067612139,4.22581063,4.295081142
India,IND,GDP growth (annual %),8.845755561,3.840991157,4.823966264,3.803975321,7.860381475,7.922943419,7.923428667,8.0607289,7.660824158,3.086699374,7.861882372,8.497586876,5.241314225,5.456387552,6.386106401,7.410227605,7.996253786,8.169526505,7.167888861,6.982333556
Indonesia,IDN,GDP growth (annual %),0.791126082,4.920067747,3.643466447,4.499475391,4.780369122,5.030873945,5.692571304,5.500951785,6.345022227,6.0137036,4.628871183,6.223854181,6.169784208,6.030050653,5.557263689,5.006668426,4.8763223,5.033069183,5.067406366,5.171270328
"Iran, Islamic Rep.",IRN,GDP growth (annual %),0.855458607,5.8580666,0.778638733,7.26555113,8.734584435,4.374509277,3.189804087,4.999795262,8.155773524,0.250856553,1.007385458,5.797938302,2.645717918,-7.44455703,-0.194073471,4.60341888,-1.32064512,13.39624446,3.755187367,
Iraq,IRQ,GDP growth (annual %),17.58226641,1.406474735,2.30531667,-6.900180689,-33.10083738,54.15777429,4.400617409,10.15819912,1.377598148,8.228107104,3.379299094,6.402564845,7.5464712,13.93643017,7.6,0.7,2.477664617,13.57221884,-1.671287156,0.632455398
Ireland,IRL,GDP growth (annual %),10.52436843,9.456187058,5.319139249,5.928027454,2.954491452,6.570793767,5.667966764,5.044522652,5.309118286,-4.40538057,-5.022238978,1.922042197,3.721000971,0.182644559,1.336920542,8.80052941,25.11725091,4.987582437,7.221788744,6.653618494
Isle of Man,IMN,GDP growth (annual %),13.69321825,5.338362239,5.376165491,5.86897568,6.32777705,5.19999763,5.900004534,7.699999759,7.457066333,4.7,2.1,3.4,2,3.2,4.5,5,-0.9,7.4,,
Israel,ISR,GDP growth (annual %),3.184446298,7.719428854,0.05946266,0.012565259,0.936000268,4.244082573,3.947908904,5.602692325,5.766048662,2.875709421,1.164349499,5.507560152,4.968207043,2.116193517,4.144575228,3.897895909,2.567352135,4.007888724,3.44461203,3.30883147
Italy,ITA,GDP growth (annual %),1.55985028,3.710106587,1.772188761,0.24854744,0.151318188,1.581938861,0.949666258,2.006586655,1.473868547,-1.050402835,-5.48205504,1.686523403,0.576623022,-2.819013779,-1.728160802,0.113673238,0.923992488,1.118900618,1.68418261,0.858260216
Jamaica,JAM,GDP growth (annual %),1.047673871,0.878703548,1.344929564,1.997290944,3.666317593,1.3237251,0.893797936,2.89912535,1.431954037,-0.811736703,-4.336650187,-1.457848415,1.725764011,-0.614918541,0.50381745,0.688117553,0.90484599,1.380658383,0.978556223,1.856268892
Japan,JPN,GDP growth (annual %),-0.251954272,2.779632825,0.406335903,0.117992777,1.528220148,2.204687882,1.662670405,1.420006556,1.654183881,-1.0935406,-5.416412797,4.191739259,-0.11542134,1.495089586,2.000267841,0.374719476,1.222921041,0.609093181,1.928757251,0.787965413
Jordan,JOR,GDP growth (annual %),3.409474478,4.245247419,5.268616571,5.784480682,4.161050302,8.567297894,8.146583289,8.093331161,8.175719022,7.23240848,5.47658105,2.311392474,2.586784331,2.651170555,2.828766804,3.096330275,2.39169597,2.003733642,2.115732889,1.940292205
Kazakhstan,KAZ,GDP growth (annual %),2.699999998,9.800000002,13.5,9.8,9.3,9.600000001,9.699999999,10.7,8.9,3.3,1.2,7.3,7.4,4.8,6,4.2,1.2,1.1,4.1,4.1
Kenya,KEN,GDP growth (annual %),2.305388596,0.599695392,3.779906496,0.54685953,2.932475546,5.104299776,5.906666082,6.472494299,6.850729771,0.232282746,3.306939815,8.405699224,6.10826372,4.563209131,5.878680567,5.357125643,5.718507134,5.878949299,4.862538221,6.319781365
Kiribati,KIR,GDP growth (annual %),-1.538461538,6.25,-1.470588235,3.787462687,2.006324636,-1.629360204,4.951631626,-0.049295323,2.034947265,-2.091436758,0.802751509,-0.923884657,1.594561102,4.713319136,4.214773912,-0.697828087,10.40540793,5.129750525,0.328439777,2.001036031
"Korea, Dem. People’s Rep.",PRK,GDP growth (annual %),,,,,,,,,,,,,,,,,,,,
"Korea, Rep.",KOR,GDP growth (annual %),11.30862149,8.924426034,4.525306764,7.432433614,2.933217902,4.89984045,3.923677392,5.176153818,5.463396393,2.829223173,0.707509946,6.496793586,3.681688569,2.292397846,2.896204935,3.341447761,2.790236167,2.929304795,3.062768462,2.668311402
Kosovo,XKX,GDP growth (annual %),,,26.97391784,-0.700948289,5.980145596,2.612126758,6.033229748,4.503031756,7.286082986,2.644818653,3.341665533,3.309574839,4.812563323,2.89534857,3.431230009,1.198070976,4.094454536,4.056578596,4.227908537,4.145371948
Kuwait,KWT,GDP growth (annual %),-1.789009463,4.694581988,0.729026414,3.000000009,17.32000038,10.7621943,10.07595099,7.52024923,5.991661246,2.479843833,-7.076102616,-2.367061944,9.628436082,6.626388081,1.149038847,0.500876982,0.593019617,2.926121132,-3.48154919,1.240055498
Kyrgyz Republic,KGZ,GDP growth (annual %),3.655789576,5.426673849,5.32158429,-0.017353166,7.030296139,7.026859719,-0.175548229,3.102898691,8.542874896,8.401615957,2.8862947,-0.471566848,5.956274377,-0.2,10.9,4,3.9,4.3,4.7,3.5
Lao PDR,LAO,GDP growth (annual %),7.306376073,5.798782326,5.751412882,5.918743682,6.067002304,6.35769548,7.107568369,8.619266209,7.596828801,7.824902763,7.501774913,8.526905517,8.038652681,8.026098434,8.026300226,7.611963441,7.269591775,7.023091874,6.851431259,6.500868407
Late-demographic dividend,LTE,GDP growth (annual %),4.129552896,6.780992754,4.703551733,5.532368077,6.281153391,7.885995274,7.170854167,8.749939657,9.614572094,6.51456757,2.643729643,7.620953212,6.755704839,5.375801256,5.208141277,4.597231855,3.875715833,3.795239228,4.695157965,4.812314281
Latin America & Caribbean,LCN,GDP growth (annual %),0.132507114,3.79181917,0.881884484,0.289868843,1.557969556,6.340588201,4.249671049,5.268361943,5.518167613,3.919989954,-1.875660812,5.849832657,4.391082215,2.785986913,2.759983741,1.004060269,0.087392111,-0.35451717,1.656188214,1.457673959
Latin America & Caribbean (excluding high income),LAC,GDP growth (annual %),-0.01675884,3.783146993,0.677334468,0.178874261,1.443309458,6.258195379,4.313142459,5.359538177,5.687742956,4.038518232,-1.920366101,6.009045752,4.407719708,2.697394797,2.730501731,0.971010317,-0.064061083,-0.482336545,1.734269699,1.41425918
Latin America & the Caribbean (IDA & IBRD countries),TLA,GDP growth (annual %),-0.06508797,3.779030054,0.726887613,0.257328715,1.581719679,6.306724301,4.342705928,5.3646899,5.667754732,4.064725871,-1.899614086,6.045165225,4.523295207,2.849989171,2.827309234,1.045205761,0.047912459,-0.350490596,1.734139568,1.565725555
Latvia,LVA,GDP growth (annual %),2.61895438,5.406858484,6.461310185,7.103029906,8.430691218,8.3355468,10.69703706,11.88938537,9.97926933,-3.547644225,-14.40169178,-3.940670306,6.381021259,4.034628375,2.429851208,1.858243652,2.971703832,2.064381296,4.636479621,4.769716682
Least developed countries: UN classification,LDC,GDP growth (annual %),4.083175946,4.201964934,5.285868359,5.303142257,5.368786309,6.898583436,8.282261489,7.795825459,8.401010866,7.157104074,4.612580564,6.226265529,3.790280805,4.870393344,5.747941231,5.458363283,4.047271519,3.679127971,4.841495295,4.22537769
Lebanon,LBN,GDP growth (annual %),-0.525584634,1.341871619,3.839669278,3.423149827,3.227098269,6.293775446,2.748394055,1.701433991,9.340929531,9.248842241,10.05447737,8.037249354,0.917698798,2.720151566,2.619160879,1.884285662,0.415030765,1.6055246,0.551994777,0.199990636
Lesotho,LSO,GDP growth (annual %),0.476025102,3.875546814,3.561582191,0.723835961,4.559776811,1.692374206,3.466122481,4.230094854,4.832963734,6.739533599,2.154308341,6.072038316,6.901334391,5.998071782,1.843764299,3.121711574,2.766659687,3.178986427,-2.286299107,1.473326988
Liberia,LBR,GDP growth (annual %),,,2.920272969,3.763018282,-30.14513259,2.619847686,5.281212071,8.043906248,9.535279869,7.145688998,5.300539377,6.099827602,8.20076584,7.993815693,8.704028066,0.701143912,0,-1.599584075,2.468626095,1.222551313
Libya,LBY,GDP growth (annual %),,3.679213293,-1.762878168,-0.958849381,13.01600108,4.461629982,11.87072893,6.500547227,6.352316994,2.66735579,-0.790141832,5.021289739,-62.07591958,123.1395552,-13.59999997,-24.00000003,-8.862039363,-2.79546889,26.67587012,7.838242187
Liechtenstein,LIE,GDP growth (annual %),10.41092416,3.220190998,-0.733091477,-0.993919345,-1.937566245,3.039173512,4.828074952,8.644969847,3.325962956,1.798087686,-1.157481822,,,,,,,,,
Lithuania,LTU,GDP growth (annual %),-1.134642895,3.83166714,6.524430875,6.760749533,10.53856477,6.550083027,7.727407918,7.406444355,11.08695439,2.628077961,-14.81416332,1.639819649,6.043130715,3.82695401,3.49858087,3.537585824,2.020627995,2.353181307,4.139948473,3.493688808
Low & middle income,LMY,GDP growth (annual %),3.184571904,5.567370326,3.426332912,4.311383071,5.378635297,7.729161514,6.996254237,7.903576915,8.440265661,5.593599664,2.296649061,7.362324521,5.933940354,5.096494747,5.128742468,4.420384347,3.888344613,4.243077396,4.857397353,4.603131525
Low income,LIC,GDP growth (annual %),3.373651929,2.654928063,4.892340401,3.686437815,4.559186392,6.240156247,6.641829934,5.624998462,6.422161228,6.023617951,5.243010274,6.930957447,3.478371018,3.291089833,6.120129996,5.82880569,2.874425853,3.074305895,4.957841233,4.948319904
Lower middle income,LMC,GDP growth (annual %),4.553376046,4.319481967,4.473861708,4.669836191,6.100124953,6.991881372,6.596625655,6.948556021,7.031674438,4.613325144,4.942483003,6.845015339,4.992498618,5.178604378,5.640663729,5.656154314,5.585128712,5.567017499,5.557649482,5.545948605
Luxembourg,LUX,GDP growth (annual %),8.481002825,8.239799112,2.531974923,3.819469797,1.62928705,3.612176707,3.172442733,5.178485966,8.354553209,-1.279585572,-4.358607005,4.86496856,2.539234839,-0.35251936,3.654370385,4.296786425,3.915962767,2.411430786,1.54566061,2.602673946
"Macao SAR, China",MAC,GDP growth (annual %),-2.358058824,5.747115329,2.88782271,8.947017809,11.65435601,26.754434,8.060186412,13.31389336,14.44761739,3.393746069,1.321130535,25.26388071,21.67243567,9.237399626,11.20006788,-1.201086,-21.59448768,-0.858021516,9.703992759,4.708202627
Madagascar,MDG,GDP growth (annual %),4.6591157,4.760065099,6.017824403,-12.67378814,9.784892131,5.257003604,4.602899965,5.022607002,6.240578451,7.128513539,-4.013860583,0.263110856,1.454392168,3.027508092,2.25520404,3.315854165,3.116614714,4.179990236,4.30687978,5.187718738
Malawi,MWI,GDP growth (annual %),3.042278091,1.576077837,-4.974963846,1.700000014,5.705639437,5.420497694,3.268725828,4.699999992,9.600000003,7.639736774,8.328110276,6.874065635,4.854055109,1.885799507,5.199999998,5.700000004,2.799999999,2.484040626,4.000030517,3.5
Malaysia,MYS,GDP growth (annual %),6.137612015,8.858868177,0.517675319,5.390988299,5.788499284,6.783437734,5.332139149,5.584847072,6.29878593,4.831769887,-1.513528719,7.424847386,5.29391284,5.473454192,4.69372252,6.00672195,5.091515721,4.223410194,5.897009293,4.723633667
Maldives,MDV,GDP growth (annual %),6.175655828,3.845810392,-3.943634354,7.268386313,13.75004982,6.033754049,-13.12905343,26.1114935,7.713867271,9.485332661,-7.228841465,7.265129068,8.566733531,2.517383942,7.281073979,7.329606386,2.884567526,7.28918633,6.911694465,6.053235368
Mali,MLI,GDP growth (annual %),5.700943654,-0.060834972,15.37623946,3.106308252,9.119041995,1.559998661,6.534762657,4.66218688,3.493616811,4.773382727,4.6790657,5.413452222,3.240252913,-0.836178866,2.303584809,7.043356204,5.962581591,5.799999995,5.400000103,4.899995745
Malta,MLT,GDP growth (annual %),4.719974882,6.770193911,0.608353735,2.982818376,2.543768573,0.443412531,3.783652259,1.828716884,3.986448706,3.346512731,-2.462277722,3.542683214,1.337066989,2.682970416,4.540005063,8.532470045,10.66106138,5.704630128,6.705510407,6.552731679
Marshall Islands,MHL,GDP growth (annual %),-2.397154781,5.890694312,5.363361509,2.615853563,0.17013309,0.118540225,2.915454115,1.436703373,3.653172192,-1.644874333,-1.63596768,6.453637685,1.206520774,3.457866763,2.860079216,-0.756942819,-0.364546612,1.910494988,3.599971042,2.5
Mauritania,MRT,GDP growth (annual %),7.712825411,-0.430406256,2.008796925,0.665004156,5.978253348,5.74742354,8.969422318,18.86909934,2.817836772,1.079967167,-1.042081704,4.773697175,4.704066531,5.795078172,6.090258732,5.579543856,1.399999997,2,3.02948016,3.600000006
Mauritius,MUS,GDP growth (annual %),2.610932321,8.202791804,3.34754068,1.614918663,5.925445496,4.330019834,1.777543046,4.865544606,5.727016147,5.386962558,3.31507699,4.377203227,4.077538076,3.49611836,3.360406098,3.744575777,3.553071704,3.837932654,3.814152108,3.773818909
Mexico,MEX,GDP growth (annual %),2.753554247,4.942453715,-0.404390127,-0.039844481,1.446382684,3.92059081,2.307807066,4.495077894,2.291445714,1.143584587,-5.285744137,5.118118143,3.66300793,3.642322679,1.354091962,2.804340128,3.287991599,2.921615165,2.069715185,1.994206817
"Micronesia, Fed. Sts.",FSM,GDP growth (annual %),1.383750704,4.5632095,1.747193334,0.599899534,1.946828691,-3.130759374,2.056752063,-0.130715913,-1.962406049,-2.217724288,1.177192743,2.041890243,3.347067156,-1.989479307,-3.858525094,-2.156058931,4.931500557,0.700002436,3.199981628,1.4
Middle East & North Africa,MEA,GDP growth (annual %),1.734369044,5.762919084,1.216663007,1.598855701,5.477625541,8.019475299,5.046369872,6.036980067,5.170222912,4.486541604,0.51840414,5.046856195,3.694172409,3.879791822,2.688896743,2.921146462,2.509975644,4.823190301,1.604305246,2.368208533
Middle East & North Africa (excluding high income),MNA,GDP growth (annual %),4.266551265,4.445544218,2.227188256,3.333567661,2.784811429,8.012125881,4.539043091,5.490975025,6.100123038,3.52300067,2.555719496,5.271638711,-0.929361354,2.804807002,1.662707342,2.092883423,0.984977951,7.502678138,3.042903434,
Middle East & North Africa (IDA & IBRD countries),TMN,GDP growth (annual %),4.232020053,4.555167629,2.312269747,3.436991807,2.722703643,7.997818629,4.499786797,5.553422129,6.097153869,3.507453618,2.517655773,5.252958893,-1.019896821,2.777994064,1.658286803,2.111110862,0.965836222,7.525099116,3.042142891,
Middle income,MIC,GDP growth (annual %),3.181990236,5.607039482,3.406706134,4.319869899,5.390191891,7.749995206,7.001143742,7.934905775,8.467419362,5.587922854,2.255333017,7.368550205,5.969235794,5.12164206,5.11517399,4.400923907,3.902790831,4.259565125,4.856024965,4.598299582
Moldova,MDA,GDP growth (annual %),-3.368254442,2.107716052,6.100000281,7.799999787,6.599999906,7.39999984,7.500000095,4.799999869,3.000000199,7.8000001,-6.000000259,7.100000092,5.818166405,-0.589734135,9.043865528,4.999625584,-0.338235296,4.408886743,4.690793428,4
Monaco,MCO,GDP growth (annual %),3.300542834,3.910229226,2.187732536,1.026495079,1.087536596,2.470484448,1.895415281,5.803936536,14.42889902,0.73180068,-11.31750715,2.054293852,7.07370085,0.984960325,9.570798785,7.179636849,4.942329761,3.213848834,-3.5,
Mongolia,MNG,GDP growth (annual %),3.07036901,1.146062137,2.952710544,4.732978465,7.004634575,10.62540596,7.25366544,8.556234809,10.24801636,8.900367946,-1.268598941,6.365161685,17.29077758,12.31981985,11.64891619,7.885225482,2.379835807,1.168393456,5.30166847,6.948838685
Montenegro,MNE,GDP growth (annual %),-9.399997528,3.099997417,1.099842719,1.90393392,2.482659361,4.426052958,4.180601527,8.566419508,6.810099791,7.222789984,-5.795092859,2.734341541,3.228450387,-2.723768654,3.549013918,1.783682046,3.390420876,2.949338685,4.716464962,4.854443645
Morocco,MAR,GDP growth (annual %),1.081332562,1.912872981,7.319967454,3.121449656,5.961162155,4.797018362,3.291639684,7.574631645,3.531594152,5.923277686,4.243757321,3.815717917,5.245697297,3.009961262,4.5354242,2.669493927,4.536378168,1.125977451,4.087506817,2.950062019
Mozambique,MOZ,GDP growth (annual %),7.822974027,1.678502985,12.72096582,8.794057581,6.500606668,7.811186108,8.720667877,9.851055465,7.426060991,6.876205447,6.351970259,6.687221601,7.117606668,7.198185828,7.141683329,7.444069441,6.593985957,3.763275593,3.736958241,3.264865871
Myanmar,MMR,GDP growth (annual %),10.94512998,13.74593056,11.34399707,12.02551343,13.84399689,13.56466162,13.56895002,13.07610138,11.99143524,10.25530539,10.5500091,9.634439452,5.591482378,7.332670447,8.426001025,7.990915597,6.99284029,5.862472915,6.758628824,6.200051072
Namibia,NAM,GDP growth (annual %),3.369278383,3.492183429,1.177948639,4.788661276,4.239794373,12.269548,2.529262728,7.073175228,5.374044222,2.649811967,0.2959709,6.039249546,5.091338198,5.061682013,5.614719701,6.351677961,6.086376114,1.123168867,-0.867877108,-0.074676825
Nauru,NRU,GDP growth (annual %),,,,,,,,,,34.41929066,8.659698371,13.55082678,11.68452207,10.08655154,34.21498251,36.52409809,2.808191226,10.400004,4.154685104,-3.47826087
Nepal,NPL,GDP growth (annual %),4.412573271,6.199999988,4.799892149,0.120143175,3.945037767,4.682603245,3.479181046,3.364614788,3.411560276,6.104639142,4.53307872,4.81641465,3.421828241,4.781192258,4.128877676,5.988984661,3.322905439,0.588678499,7.90574161,6.289762173
Netherlands,NLD,GDP growth (annual %),5.034048109,4.195642466,2.326955127,0.217273557,0.155646051,1.984945703,2.050876074,3.460989006,3.772842505,2.170324787,-3.666884007,1.342739444,1.551189245,-1.030353997,-0.130175239,1.423395401,1.959169699,2.191713725,2.868832199,2.673367276
New Caledonia,NCL,GDP growth (annual %),0.900172502,2.100108842,,,,,,,,,,,,,,,,,,
New Zealand,NZL,GDP growth (annual %),5.455878256,2.903323781,3.469375679,4.680319746,4.563096765,4.033887944,3.32140288,2.843982348,3.013111653,-1.008893927,-0.213698252,1.5392456,2.334200281,2.225965502,2.575386016,3.71553302,3.584704557,3.64579895,3.128460818,2.782674165
Nicaragua,NIC,GDP growth (annual %),7.035970573,4.101590155,2.960843554,0.753938895,2.520732899,5.312170527,4.282398312,4.1520692,5.076352018,3.435716936,-3.292665159,4.410099117,6.316685535,6.496136543,4.927094063,4.7854602,4.792267648,4.563147375,4.675475377,-3.815710169
Niger,NER,GDP growth (annual %),-0.568758332,-1.40950935,7.104340612,2.999122036,5.299999998,0.100000001,4.499999999,5.800000002,3.146570396,9.587695728,-0.71267743,8.36421953,2.283008487,11.84981918,5.268414897,7.529043068,4.337072369,4.925930933,4.893436692,5.172698263
Nigeria,NGA,GDP growth (annual %),0.584126895,5.015934757,5.917684652,15.32915574,7.34719497,9.250558228,6.438516525,6.059428031,6.591130361,6.764472778,8.036925102,8.005655915,5.307924204,4.230061175,6.671335393,6.309718656,2.652693295,-1.61686895,0.80588662,1.937268068
North America,NAC,GDP growth (annual %),4.7916143,4.229748645,1.07485044,1.863253131,2.757706966,3.729236861,3.482480344,2.833683569,1.894387575,-0.0266708,-2.577838168,2.612244506,1.703697389,2.198391207,1.887611618,2.492075092,2.662726012,1.521958402,2.291170807,2.761877061
North Macedonia,MKD,GDP growth (annual %),4.339027913,4.549135783,-3.067256625,1.493665472,2.222601657,4.67444497,4.723733083,5.137025162,6.473486858,5.47200139,-0.358614857,3.358750858,2.339886045,-0.455922696,2.924726568,3.629641308,3.855610302,2.848441461,0.240521014,2.664591889
Northern Mariana Islands,MNP,GDP growth (annual %),,,,,0.408441116,-3.118644068,-12.66620014,-6.891025641,-6.712564544,-11.0701107,-17.53112033,1.383647799,-7.692307692,0.537634409,2.406417112,3.785900783,3.396226415,28.22384428,25.14231499,
Norway,NOR,GDP growth (annual %),2.013307556,3.205285075,2.085328035,1.437708805,0.919841888,3.959038032,2.624720535,2.395092468,2.985054837,0.480744476,-1.690996963,0.691663072,0.971934879,2.721626792,1.044389078,1.975117446,1.970052934,1.187354764,1.980437749,1.446029641
Not classified,INX,GDP growth (annual %),,,,,,,,,,,,,,,,,,,,
OECD members,OED,GDP growth (annual %),3.251651022,4.004945936,1.394673508,1.554658903,1.97713929,3.181120806,2.759629725,3.013692378,2.561104948,0.256397917,-3.477665867,2.886706143,1.804573799,1.270515519,1.472843687,2.054296602,2.422829122,1.741710582,2.419673973,2.205190485
Oman,OMN,GDP growth (annual %),-0.124806894,5.401372717,4.482454096,-1.10056525,-2.668969447,1.292112564,2.49045836,5.372068299,4.452694304,8.199695813,6.112453761,4.804711285,-1.108745787,9.332675576,4.372615776,2.751031637,4.741250717,4.980170972,-0.928051651,2.125137289
Other small states,OSS,GDP growth (annual %),,,4.341167457,4.561516489,4.372178063,9.510164254,6.111824685,11.06067512,9.933800972,7.494313303,1.828080088,8.277931001,7.655899272,3.659984036,3.013499901,2.918295544,2.793412602,2.393984811,2.170536072,2.143413236
Pacific island small states,PSS,GDP growth (annual %),4.852781907,-0.635678842,1.162032127,1.917647206,2.049102936,3.888781571,2.27781456,2.482818983,1.294370789,1.984466474,-1.333935288,2.900447515,4.102820515,1.759449624,2.745233134,3.945499215,3.678484603,3.35080718,4.042383958,3.571921227
Pakistan,PAK,GDP growth (annual %),3.660132744,4.260088012,1.982484032,3.224429973,4.846320935,7.368571359,7.667304271,6.177542036,4.832817277,1.701405465,2.831658519,1.606691959,2.74840255,3.50703342,4.396456633,4.674707981,4.731147475,5.526735845,5.700621241,5.430010786
Palau,PLW,GDP growth (annual %),,,6.643005046,3.962599612,-3.235676151,4.845538443,4.493255138,-2.199277506,0.926833558,-5.355364719,-5.929866287,0.416866486,5.386599547,3.597216479,-2.103951357,4.7748518,10.4309733,0.526568961,-3.570566825,5
Panama,PAN,GDP growth (annual %),3.917206589,2.715374155,0.574272791,2.229149417,4.205495945,7.522079658,7.191279402,8.652465611,11.98398539,9.855654852,1.242992318,5.827839392,11.31373175,9.778903946,6.903272566,5.066743218,5.732763632,4.966420444,5.321230184,3.677013629
Papua New Guinea,PNG,GDP growth (annual %),1.855553994,-2.494841993,-0.121288606,-0.158900533,2.164102502,2.721175741,6.344795923,2.294466102,11.09778044,-0.294276458,6.805554142,10.12468622,1.107311011,4.648420685,3.829931274,13.5,9.5,4.1,1.549820847,0.427556313
Paraguay,PRY,GDP growth (annual %),-1.366079712,-2.314140568,-0.834054717,-0.021404395,4.320745486,4.057418364,2.133490665,4.807117193,5.421622872,6.359120793,-0.257971434,11.14373579,4.249111045,-0.538512943,8.417495285,4.860890371,3.080374008,4.31290497,4.958051422,3.637826772
Peru,PER,GDP growth (annual %),1.494910643,2.694371398,0.617892326,5.453528938,4.165023137,4.958203206,6.285060325,7.528899044,8.518387769,9.126568301,1.095823659,8.332459107,6.327192402,6.139724706,5.852518211,2.381938283,3.255889597,3.955881804,2.519088535,3.976501519
Philippines,PHL,GDP growth (annual %),3.081916458,4.41122216,2.893987062,3.645903318,4.970368696,6.697623613,4.77766782,5.242960356,6.616662284,4.152756843,1.14833222,7.63226478,3.659751601,6.683818881,7.064024264,6.145298786,6.066548905,6.884055037,6.677553566,6.243737742
Poland,POL,GDP growth (annual %),4.642033591,4.559631428,1.247756976,2.041715953,3.562350732,5.135631293,3.49366448,6.17963595,7.03474027,4.249685342,2.820183973,3.606928261,5.01730439,1.607905585,1.391891419,3.318445415,3.838945167,3.062598541,4.814129544,5.149464079
Portugal,PRT,GDP growth (annual %),3.888213395,3.787494001,1.943304626,0.768796311,-0.93420458,1.811583031,0.766784431,1.553053256,2.492001318,0.199272801,-2.978104267,1.898691176,-1.826852351,-4.028256748,-1.130155823,0.893187725,1.822065644,1.925736297,2.795024248,2.144610499
Post-demographic dividend,PST,GDP growth (annual %),3.326763954,3.937534056,1.535755749,1.529959488,1.958040093,3.101662919,2.686031355,2.913229608,2.510278104,0.230772975,-3.493240174,2.796587483,1.564994681,1.131913407,1.332747914,1.884913883,2.108829047,1.6277052,2.264318763,2.12644756
Pre-demographic dividend,PRE,GDP growth (annual %),4.747709834,2.987544374,4.849423528,6.077785728,-0.329106261,12.91003188,6.80867956,7.216542184,6.581611457,6.881114908,5.074708871,6.3040629,4.56702277,5.641624908,5.962837798,4.800655799,3.070877054,2.746344319,1.713130733,2.205161027
Puerto Rico,PRI,GDP growth (annual %),5.389699928,3.271964529,6.313471555,0.916459384,0.053419805,8.748676927,-1.986938733,-1.409414024,-1.16280669,-1.84413425,-1.952425142,-0.413254118,-0.358510628,0.02927511,-0.306826657,-1.190363454,-1.049443651,-1.263002925,-2.65739342,-4.905626153
Qatar,QAT,GDP growth (annual %),,,3.898186617,7.182151741,3.719958636,19.21891532,7.492758506,26.17024568,17.98565679,17.66355638,11.95656114,19.59233153,13.37517641,4.687259177,4.410274619,3.978882147,3.657510261,2.131310916,1.579850253,1.431648077
Romania,ROU,GDP growth (annual %),-0.376660706,2.461263459,5.218136257,5.70299165,2.341147329,10.42811302,4.668148051,8.028811076,7.233807744,9.307467171,-5.517394408,-3.90123628,2.007156244,2.077165007,3.514551804,3.4108091,3.871522323,4.800799906,6.991393543,4.095673942
Russian Federation,RUS,GDP growth (annual %),6.39991469,10.00006682,5.100051225,4.699991909,7.299952344,7.19994787,6.399965448,8.200068255,8.499977768,5.199969265,-7.799993913,4.5,4.300029186,3.700057055,1.80000014,0.69999943,-2.307733505,0.329282332,1.630195944,2.254840053
Rwanda,RWA,GDP growth (annual %),4.262760871,8.370910445,8.484539669,13.19206519,2.202376415,7.447699419,9.377875686,9.227091484,7.681564984,11.1672534,6.255647061,7.338194817,7.783920275,8.820321117,4.713550714,7.62457575,8.867977374,5.981314913,6.057831319,8.671683394
Samoa,WSM,GDP growth (annual %),2.185438856,6.918790299,6.93976583,4.343995595,4.515479143,4.625001948,4.156492103,1.968807932,6.322641763,1.009086658,-4.8082722,0.479158713,5.778544297,0.402103619,-1.933858756,1.396758008,1.45106458,7.169421486,2.704796224,0.724091004
San Marino,SMR,GDP growth (annual %),8.995983936,2.210759027,5.551550108,0.341530055,3.880190606,4.587155963,2.380952381,3.855569155,7.130229817,1.650165017,-12.82467532,-4.655493482,-9.440104167,-7.54852624,-3.032659409,-0.9,0.6,2.2,1.5,
Sao Tome and Principe,STP,GDP growth (annual %),,,,2.376877471,6.573472701,3.832227084,7.093770448,9.115646545,3.253604914,8.186171817,2.426281345,6.67198532,4.398201685,3.141975852,4.814794386,6.5499331,3.798398936,4.172377734,3.871185947,2.657693757
Saudi Arabia,SAU,GDP growth (annual %),-3.763285216,5.625416143,-1.210743863,-2.819174404,11.24206139,7.958441664,5.573850121,2.788402228,1.847130252,6.249772755,-2.059268194,5.039493675,9.996857794,5.411444902,2.699254723,3.652481698,4.10640887,1.670642347,-0.741529927,2.214968724
Senegal,SEN,GDP growth (annual %),6.347115795,3.198988036,4.580916442,0.654803648,6.683228178,5.870772213,5.622606856,2.461570254,4.938485083,4.056375726,2.092527085,3.56274539,1.458388671,5.117394238,2.822105649,6.613074742,6.367263427,6.356396792,7.082922291,6.766293824
Serbia,SRB,GDP growth (annual %),-12.14659634,7.759215241,4.992714031,7.115788087,4.415414059,9.046517342,5.540422832,9.702753135,6.439530929,5.655574501,-2.731753651,0.731046443,2.036275726,-0.681542133,2.892634162,-1.589506184,1.776320973,3.340329069,2.049310525,4.301787715
Seychelles,SYC,GDP growth (annual %),1.872006587,1.514338815,-2.271162762,1.212831267,-5.887127528,-2.850453659,9.005761428,9.40612788,10.42143611,-2.146892655,-1.105245793,5.954962469,7.887279597,1.260828834,6.018076825,4.504785244,4.937385619,4.503032666,4.332388099,3.627351583
Sierra Leone,SLE,GDP growth (annual %),-1.979285588,6.652727885,-6.345455153,26.4173166,9.313120969,6.59794486,4.505095672,4.223914279,8.058145152,5.39828521,3.188051216,5.346466052,6.315045036,15.18176908,20.71576829,4.556772366,-20.59877072,6.055474029,4.211182649,3.727955555
Singapore,SGP,GDP growth (annual %),5.72400277,9.03919574,-1.069106008,3.91467511,4.535806779,9.819526862,7.35903621,9.005188001,9.022116566,1.868212395,0.12100381,14.52564666,6.262267762,4.449315805,4.815045038,3.900573228,2.892499228,2.962327259,3.699781577,3.139464543
Sint Maarten (Dutch part),SXM,GDP growth (annual %),,,,,,,,,,,,3.2,4.6,1.39054667,1.306727883,1.580384638,0.50906595,0.43250626,,
Slovak Republic,SVK,GDP growth (annual %),-0.205069439,1.210173376,3.316468195,4.522792238,5.418715934,5.258836403,6.750960834,8.452887748,10.79957705,5.629779025,-5.422542313,5.041716665,2.819099518,1.657148687,1.490646438,2.750335017,4.174873197,3.125410105,3.188341055,4.109049583
Slovenia,SVN,GDP growth (annual %),5.274353781,4.15543396,2.949365533,3.836305277,2.842083009,4.351795539,4.003007364,5.655999211,6.941645669,3.300130299,-7.797276576,1.237755909,0.649366928,-2.669582052,-1.132054981,2.950565154,2.304895835,3.068087059,4.880537506,4.487220551
Small states,SST,GDP growth (annual %),2.980837912,4.517601553,3.765166316,4.308111906,4.610906203,8.202892642,5.539422167,10.02693436,8.455925364,6.229894729,0.817295531,7.029604755,6.5457774,3.272879037,2.740544046,2.552317613,2.572771916,1.776223561,1.94392944,2.113984249
Solomon Islands,SLB,GDP growth (annual %),-0.482600682,-14.26748303,-7.978564432,-2.800002522,6.50000183,4.898370946,5.421193232,6.946649998,7.320001264,7.106270238,-4.738346526,6.80904496,13.19563266,4.555394299,3.017849444,2.250090711,2.542240201,3.456606233,3.534339147,3.385522842
Somalia,SOM,GDP growth (annual %),,,,,,,,,,,,,,,,,,,,
South Africa,ZAF,GDP growth (annual %),2.399996245,4.200003476,2.699994567,3.700382352,2.949079137,4.554552745,5.277056312,5.603797657,5.360475891,3.191046741,-1.538089334,3.039730814,3.284168142,2.213354808,2.4852005,1.846991604,1.279549282,0.565344944,1.31674486,0.622074898
South Asia,SAS,GDP growth (annual %),7.823749403,4.062880703,4.328689659,3.722870648,7.281822753,7.561833885,7.718524242,7.744620805,7.331968797,3.237490596,7.133470937,7.702666783,5.137253341,5.501737281,6.087311052,6.992301928,7.480020569,7.70780544,6.935768193,6.770633527
South Asia (IDA & IBRD),TSA,GDP growth (annual %),7.823749403,4.062880703,4.328689659,3.722870648,7.281822753,7.561833885,7.718524242,7.744620805,7.331968797,3.237490596,7.133470937,7.702666783,5.137253341,5.501737281,6.087311052,6.992301928,7.480020569,7.70780544,6.935768193,6.770633527
South Sudan,SSD,GDP growth (annual %),,,,,,,,,,,5.04164188,5.493416395,-4.640316736,-46.08212237,13.12973114,3.374480849,-10.79180849,-11.18408707,,
Spain,ESP,GDP growth (annual %),4.48477443,5.289099595,4.001073835,2.879876097,3.187571476,3.166746501,3.723001788,4.174123186,3.768992408,1.11768686,-3.573751449,0.014063878,-0.998764958,-2.927750507,-1.705705,1.379997238,3.644680152,3.17258966,2.979182401,2.581746534
Sri Lanka,LKA,GDP growth (annual %),4.300540498,6.00003316,-1.545408134,3.964675686,5.940269078,5.445061278,6.241748045,7.6682919,6.796826119,5.950088145,3.538912053,8.015967371,8.404733021,9.144572246,3.39573265,4.960700592,5.007683305,4.486634531,3.419819189,3.209131128
St. Kitts and Nevis,KNA,GDP growth (annual %),3.219392516,10.40719341,5.517256189,2.469697276,-3.444254385,4.057903704,9.695235313,2.917702323,-0.05115964,6.487853972,-3.368479443,-1.466050863,1.783898309,-0.65567257,5.465974008,6.055577599,2.146656524,2.317508505,1.170562676,3.001453555
St. Lucia,LCA,GDP growth (annual %),2.67060488,0.048748424,-3.408064222,0.416450458,4.264610998,7.267408929,-0.410303993,6.195256154,2.06781947,4.977063729,-1.454036303,0.303818186,4.139375889,-0.313727784,-1.995801641,0.004704771,0.27250039,3.890279886,3.671861435,0.597633577
St. Martin (French part),MAF,GDP growth (annual %),,,,,,,,,,,,,,,,,,,,
St. Vincent and the Grenadines,VCT,GDP growth (annual %),2.710917941,1.639178881,1.709263603,6.321647576,7.689791237,4.15628429,2.488004855,7.688360969,3.342560091,1.584471793,-2.099061259,-3.35352589,-0.419351482,1.382420411,1.833169437,1.213671696,1.341638992,1.975455939,0.859946222,2.556897137
Sub-Saharan Africa,SSF,GDP growth (annual %),2.132662906,3.503803186,4.257338053,6.363007352,4.243438084,6.52509506,6.229551078,6.141022633,6.618518337,5.35451747,3.045782821,5.584085951,4.446411441,4.003710748,5.019459264,4.670357327,2.837598718,1.211655679,2.521036701,2.37106998
Sub-Saharan Africa (excluding high income),SSA,GDP growth (annual %),2.13292921,3.505830566,4.263848636,6.367820769,4.252447371,6.532621961,6.22751858,6.138569691,6.615573404,5.360533835,3.048839935,5.583823822,4.443970945,4.005723564,5.018745786,4.670476748,2.836086614,1.209237053,2.519656239,2.370095617
Sub-Saharan Africa (IDA & IBRD countries),TSS,GDP growth (annual %),2.132662906,3.503803186,4.257338053,6.363007352,4.243438084,6.52509506,6.229551078,6.141022633,6.618518337,5.35451747,3.045782821,5.584085951,4.446411441,4.003710748,5.019459264,4.670357327,2.837598718,1.211655679,2.521036701,2.37106998
Sudan,SDN,GDP growth (annual %),3.10409568,6.345867769,6.500360421,6.427273901,7.734591717,3.883307291,7.489738142,10.064308,11.52191003,7.801963334,3.241847572,3.469335093,-1.967728979,0.521559267,4.394711132,2.679411813,4.906045175,4.700000042,4.283071004,-2.320827321
Suriname,SUR,GDP growth (annual %),-1.400000022,2.09999866,4.20000005,2.800000889,6.299999082,8.500000274,4.500000692,5.79999963,5.098945585,4.149342537,3.017347611,5.165237772,5.849367784,2.690350057,2.93344123,0.255503145,-3.411095864,-5.561193424,1.687083602,1.997252457
Sweden,SWE,GDP growth (annual %),4.486702148,4.74561672,1.573445869,2.075300803,2.359776421,4.31078326,2.816677338,4.699558109,3.408098478,-0.557058102,-5.195897814,5.991968041,2.679228103,-0.298512381,1.238349398,2.60190267,4.45656911,2.683966343,2.10471614,2.358939552
Switzerland,CHE,GDP growth (annual %),1.694719834,3.936823453,1.312423669,0.162612902,0.039576568,2.7762235,3.11524553,3.988634221,4.111877812,2.154701861,-2.222107121,3.002699108,1.692808495,1.006024097,1.852039757,2.449218097,1.333369086,1.601223556,1.616692155,2.540426713
Syrian Arab Republic,SYR,GDP growth (annual %),-3.553656913,2.742857397,5.20094281,5.9,0.6,6.900000004,6.2,4.999999998,5.699999996,,,,,,,,,,,
Tajikistan,TJK,GDP growth (annual %),3.699550717,8.324324495,9.580836178,10.83789166,10.92850851,10.37037376,6.644293718,7.048458927,7.760139303,7.910529533,3.89282113,6.520680751,7.400640543,7.486175224,7.400081256,6.705968168,6.008287872,6.872963797,7.617492691,7.300000287
Tanzania,TZA,GDP growth (annual %),4.863863755,4.520784635,6.070808288,7.093194984,6.672789829,7.50381466,7.476319258,6.53222139,6.768535202,5.68641686,5.269105248,6.336523427,7.672155435,4.50015356,6.781585601,6.732461868,6.160628774,6.867116196,6.785680114,5.2
Thailand,THA,GDP growth (annual %),4.572298369,4.455676031,3.444243766,6.148879817,7.189329965,6.289288549,4.187834924,4.967916824,5.43509257,1.725667908,-0.690733346,7.513590658,0.839959472,7.242786605,2.687379919,0.984414064,3.133896962,3.356488872,4.024085781,4.129226103
Timor-Leste,TLS,GDP growth (annual %),,,9.20268161,-6.866723562,-1.182371937,64.08128515,35.88010902,41.67729069,5.265406038,9.923218663,-6.041631022,-1.172062445,11.4579084,5.02312233,-11.08621985,-25.90717208,20.62560112,0.706714168,-9.153986478,2.813981429
Togo,TGO,GDP growth (annual %),2.481751429,-0.783479607,-1.626806272,-0.92215102,4.954397667,2.119065316,1.180406952,4.052412548,2.290453886,4.062252828,5.537910972,6.099259161,6.398199052,6.543507031,6.112343078,5.920588571,5.742868453,4.918356443,4.449407392,4.884130464
Tonga,TON,GDP growth (annual %),3.881704581,3.369839694,3.601788655,3.418876649,2.108581656,-0.351420004,1.582168376,-0.812222114,-4.165775722,3.099519869,2.290612704,3.585657371,2.785145889,0.890322581,-3.120603658,2.072607261,3.71184687,3.37947375,2.7,0.3
Trinidad and Tobago,TTO,GDP growth (annual %),8.024817644,6.901359591,4.168523982,7.936709687,14.44098954,7.950051511,6.20893788,13.20805861,4.754209701,3.391737078,-4.391729247,3.32322471,-0.294354409,1.293978927,2.006002534,-0.969684155,1.777885851,-6.509206979,-1.9,0.700000005
Tunisia,TUN,GDP growth (annual %),6.054634515,4.709859945,3.796183827,1.322563618,4.702411815,6.235793869,3.486535815,5.244195185,6.709620392,4.237776836,3.043448955,3.510608639,-1.91717768,3.997674002,2.875523842,2.971398345,1.194541781,1.262528555,1.824675319,2.505332965
Turkey,TUR,GDP growth (annual %),-3.389304887,6.640061121,-5.962310755,6.430278636,5.608255095,9.644322585,9.009853307,7.109703427,5.03045759,0.845251454,-4.70446591,8.487372139,11.11349557,4.789940281,8.491309299,5.166690718,6.085886616,3.183831547,7.441193291,2.566623037
Turkmenistan,TKM,GDP growth (annual %),16.4999995,5.469064133,4.343845714,0.257179925,3.26882856,5.000407438,13.03403487,10.97330833,11.05929947,14.7,6.100000115,9.199999988,14.69999993,11.09999996,10.2000001,10.29999997,6.49999991,6.199999966,6.500000047,6.199999941
Turks and Caicos Islands,TCA,GDP growth (annual %),,,,,,,,,,,,,,-2.53,1.36532085,6.70368436,5.941270828,4.399701715,4.275465839,5.282085494
Tuvalu,TUV,GDP growth (annual %),-1.563791371,-0.970599814,1.634107644,7.886174359,-3.333536533,-1.352181114,-3.779729962,2.138938329,6.350564875,7.983260905,-4.432851394,-2.729427912,7.515954206,-3.835748821,4.576823704,1.348012682,9.142893933,3.034723153,4.094017717,2.5
Uganda,UGA,GDP growth (annual %),8.053948377,3.141907338,5.183661126,8.732685764,6.473258671,6.807233344,6.332565116,10.78474439,8.412425966,8.708751901,6.801517348,5.637599803,9.391667749,3.837455606,3.586905826,5.106307324,5.187859863,4.781000291,3.863023757,6.090144553
Ukraine,UKR,GDP growth (annual %),-0.199999997,5.9,9.203694816,5.249299452,9.515954968,12.10875517,2.997359032,7.439902401,7.593469649,2.304028779,-14.75854536,3.834387699,5.465531905,0.238681306,-0.026729649,-6.552618891,-9.772973947,2.440994738,2.466053452,3.335489309
United Arab Emirates,ARE,GDP growth (annual %),2.902213645,10.85270421,1.39908503,2.43345681,8.800540815,9.566436637,4.855141196,9.837319773,3.184390174,3.191836276,-5.242921907,1.602809961,6.930271629,4.484626085,5.053345825,4.398696682,5.064701529,2.988441821,0.790400388,1.423840361
United Kingdom,GBR,GDP growth (annual %),3.213785839,3.453462964,2.840765408,2.499726971,3.339456189,2.347792052,3.148724236,2.548078385,2.545500795,-0.345916655,-4.246551566,1.711206445,1.644770017,1.447060443,2.046299585,2.947562163,2.349122692,1.789288659,1.822927774,1.397607592
United States,USA,GDP growth (annual %),4.753235989,4.127484013,0.998340796,1.74169525,2.861210767,3.798891127,3.513213797,2.854972292,1.876171458,-0.136579805,-2.536757066,2.563766558,1.550835506,2.249545852,1.84208107,2.451973036,2.880910466,1.56721517,2.21701033,2.856992804
Upper middle income,UMC,GDP growth (annual %),2.793930456,5.975572074,3.106001325,4.219942912,5.186620656,7.969270057,7.117086335,8.216238796,8.872134593,5.858002769,1.519427397,7.516760372,6.244017744,5.105805826,4.968980104,4.049477942,3.413833623,3.871586658,4.644423832,4.301104431
Uruguay,URY,GDP growth (annual %),-1.939212135,-1.92993064,-3.844129967,-7.732007212,0.805283917,5.004160365,7.460132106,4.098577362,6.541510848,7.176144662,4.243494178,7.803409668,5.162133026,3.538178707,4.637538643,3.238791216,0.370741267,1.689798162,2.591338687,1.620083629
Uzbekistan,UZB,GDP growth (annual %),4.300000003,3.835,4.163838245,3.973488195,4.232627384,7.449000603,6.950007201,7.451418471,9.473005304,9.029161018,8.050933327,8.479061864,8.281303322,8.179751424,8.026048971,7.179388989,7.448470308,6.094325243,4.461627697,5.132986392
Vanuatu,VUT,GDP growth (annual %),0.334788215,5.922044539,-3.488507759,-5.111218569,4.293431178,3.984754831,5.30285231,8.465159865,5.173513258,6.448521358,3.312815802,1.629081596,1.223225535,1.754749927,1.96914608,2.331006215,-0.801094177,4.000574486,4.500680305,3.2
"Venezuela, RB",VEN,GDP growth (annual %),-5.970458146,3.686944167,3.394236108,-8.855647353,-7.75530005,18.28660669,10.3179138,9.872149109,8.753578808,5.277854124,-3.202302657,-1.488791251,4.176425359,5.625956975,1.343094036,-3.894386475,,,,
Vietnam,VNM,GDP growth (annual %),4.773586881,6.787316408,6.192893312,6.320820988,6.899063492,7.536410612,7.547247727,6.977954812,7.129504484,5.661771208,5.397897543,6.423238217,6.240302749,5.247367156,5.421882991,5.983654637,6.679288789,6.210811668,6.81224566,7.075788617
Virgin Islands (U.S.),VIR,GDP growth (annual %),,,,,-0.334104343,2.939659618,3.632264529,3.625815809,4.03545603,0.941704036,-6.64149267,0.904116108,-8.158453195,-15.01925546,-5.83081571,-0.866217517,0.194174757,0.904392765,-1.696542894,
West Bank and Gaza,PSE,GDP growth (annual %),8.280429404,-8.556183291,-9.310638168,-12.48919176,14.01586549,10.34306987,10.79876211,-3.900597981,6.59059324,6.079293326,8.662535025,8.099089262,12.4136357,6.284235772,2.217422457,-0.181890997,3.428732254,4.708435256,3.14023678,0.905278232
World,WLD,GDP growth (annual %),3.271930411,4.394773096,1.944963844,2.192168093,2.908862248,4.382866483,3.868315512,4.332967025,4.217392747,1.853974894,-1.68661868,4.279809745,3.125147979,2.511984691,2.651506353,2.841105338,2.855552268,2.571412502,3.160211534,3.034509442
"Yemen, Rep.",YEM,GDP growth (annual %),3.775530496,6.181915593,3.803645872,3.935231505,3.747398185,3.972696401,5.591748076,3.170409359,3.338427956,3.64756947,3.866229516,7.70230704,-12.7148969,2.392990209,4.823519067,-0.188690232,-16.67846313,-13.62145844,-5.942319504,-2.701474865
Zambia,ZMB,GDP growth (annual %),4.650189746,3.897322943,5.316868274,4.50601428,6.944973982,7.032395115,7.235599007,7.903694445,8.352436244,7.773895815,9.220348406,10.29820585,5.564624717,7.597616969,5.059376378,4.695826373,2.91988111,3.757177805,3.403168851,3.794900917
Zimbabwe,ZWE,GDP growth (annual %),-0.817821016,-3.059189762,1.439615384,-8.894023633,-16.99507469,-5.807538055,-5.71108368,-3.461495192,-3.653326859,-17.66894629,12.01955993,19.67532314,14.19391296,16.66542877,1.989492762,2.376929327,1.779872703,0.755869251,4.704035348,6.159189798
